{
  "Stadium Booking" : {
    "transaction" : "Stadium Booking",
    "sampleCount" : 604,
    "errorCount" : 0,
    "errorPct" : 0.0,
    "meanResTime" : 196.00993377483454,
    "minResTime" : 111.0,
    "maxResTime" : 482.0,
    "pct1ResTime" : 346.0,
    "pct2ResTime" : 379.75,
    "pct3ResTime" : 427.6500000000003,
    "throughput" : 8.183838274348274,
    "receivedKBytesPerSec" : 29.71989682977887,
    "sentKBytesPerSec" : 0.0
  },
  "Total" : {
    "transaction" : "Total",
    "sampleCount" : 2429,
    "errorCount" : 0,
    "errorPct" : 0.0,
    "meanResTime" : 276.62906545903616,
    "minResTime" : 35.0,
    "maxResTime" : 1342.0,
    "pct1ResTime" : 974.0,
    "pct2ResTime" : 1017.0,
    "pct3ResTime" : 1280.6999999999998,
    "throughput" : 32.76057401812689,
    "receivedKBytesPerSec" : 36.14508802128291,
    "sentKBytesPerSec" : 0.0
  },
  "Read Stadium Message" : {
    "transaction" : "Read Stadium Message",
    "sampleCount" : 608,
    "errorCount" : 0,
    "errorPct" : 0.0,
    "meanResTime" : 65.50164473684208,
    "minResTime" : 36.0,
    "maxResTime" : 315.0,
    "pct1ResTime" : 90.0,
    "pct2ResTime" : 149.54999999999995,
    "pct3ResTime" : 270.81999999999994,
    "throughput" : 8.269521102240116,
    "receivedKBytesPerSec" : 6.237033713089782,
    "sentKBytesPerSec" : 0.0
  },
  "Login" : {
    "transaction" : "Login",
    "sampleCount" : 1226,
    "errorCount" : 0,
    "errorPct" : 0.0,
    "meanResTime" : 902.2952691680258,
    "minResTime" : 176.0,
    "maxResTime" : 1342.0,
    "pct1ResTime" : 1059.0,
    "pct2ResTime" : 1198.0,
    "pct3ResTime" : 1320.46,
    "throughput" : 16.608640286112955,
    "receivedKBytesPerSec" : 13.099354865749083,
    "sentKBytesPerSec" : 0.0
  },
  "Get Stadium Items" : {
    "transaction" : "Get Stadium Items",
    "sampleCount" : 604,
    "errorCount" : 0,
    "errorPct" : 0.0,
    "meanResTime" : 68.98344370860927,
    "minResTime" : 36.0,
    "maxResTime" : 285.0,
    "pct1ResTime" : 110.0,
    "pct2ResTime" : 230.75,
    "pct3ResTime" : 267.9000000000001,
    "throughput" : 8.193496751088624,
    "receivedKBytesPerSec" : 19.0754846236282,
    "sentKBytesPerSec" : 0.0
  },
  "Get Stadium Idle Time" : {
    "transaction" : "Get Stadium Idle Time",
    "sampleCount" : 604,
    "errorCount" : 0,
    "errorPct" : 0.0,
    "meanResTime" : 61.81125827814566,
    "minResTime" : 35.0,
    "maxResTime" : 297.0,
    "pct1ResTime" : 91.5,
    "pct2ResTime" : 143.25,
    "pct3ResTime" : 265.8000000000002,
    "throughput" : 8.215004624340352,
    "receivedKBytesPerSec" : 4.511600803819161,
    "sentKBytesPerSec" : 0.0
  }
}