{
  "Stadium Booking" : {
    "transaction" : "Stadium Booking",
    "sampleCount" : 3,
    "errorCount" : 0,
    "errorPct" : 0.0,
    "meanResTime" : 43672.666666666664,
    "minResTime" : 42540.0,
    "maxResTime" : 44268.0,
    "pct1ResTime" : 44268.0,
    "pct2ResTime" : 44268.0,
    "pct3ResTime" : 44268.0,
    "throughput" : 0.06598337219020807,
    "receivedKBytesPerSec" : 0.23940451381251923,
    "sentKBytesPerSec" : 0.0
  },
  "Read News" : {
    "transaction" : "Read News",
    "sampleCount" : 100,
    "errorCount" : 0,
    "errorPct" : 0.0,
    "meanResTime" : 24769.92,
    "minResTime" : 10318.0,
    "maxResTime" : 55523.0,
    "pct1ResTime" : 38992.4,
    "pct2ResTime" : 42444.899999999994,
    "pct3ResTime" : 55454.95999999996,
    "throughput" : 1.3600631069281615,
    "receivedKBytesPerSec" : 9.205555262764193,
    "sentKBytesPerSec" : 0.0
  },
  "Total" : {
    "transaction" : "Total",
    "sampleCount" : 828,
    "errorCount" : 0,
    "errorPct" : 0.0,
    "meanResTime" : 9191.58937198068,
    "minResTime" : 111.0,
    "maxResTime" : 59753.0,
    "pct1ResTime" : 17281.800000000003,
    "pct2ResTime" : 20661.94999999999,
    "pct3ResTime" : 30597.330000000027,
    "throughput" : 8.86509635974304,
    "receivedKBytesPerSec" : 26.503770325883295,
    "sentKBytesPerSec" : 0.0
  },
  "GetNewsList(5)" : {
    "transaction" : "GetNewsList(5)",
    "sampleCount" : 100,
    "errorCount" : 0,
    "errorPct" : 0.0,
    "meanResTime" : 7200.989999999998,
    "minResTime" : 781.0,
    "maxResTime" : 17950.0,
    "pct1ResTime" : 14276.300000000001,
    "pct2ResTime" : 15394.05,
    "pct3ResTime" : 17932.84999999999,
    "throughput" : 1.498329362760522,
    "receivedKBytesPerSec" : 2.983489815106157,
    "sentKBytesPerSec" : 0.0
  },
  "Read Stadium Comments" : {
    "transaction" : "Read Stadium Comments",
    "sampleCount" : 73,
    "errorCount" : 0,
    "errorPct" : 0.0,
    "meanResTime" : 23511.479452054795,
    "minResTime" : 12577.0,
    "maxResTime" : 59753.0,
    "pct1ResTime" : 31170.600000000006,
    "pct2ResTime" : 43017.79999999998,
    "pct3ResTime" : 59753.0,
    "throughput" : 1.0426635053490068,
    "receivedKBytesPerSec" : 19.588396195170894,
    "sentKBytesPerSec" : 0.0
  },
  "GetNewsCount" : {
    "transaction" : "GetNewsCount",
    "sampleCount" : 100,
    "errorCount" : 0,
    "errorPct" : 0.0,
    "meanResTime" : 3955.0900000000006,
    "minResTime" : 111.0,
    "maxResTime" : 12636.0,
    "pct1ResTime" : 7891.500000000002,
    "pct2ResTime" : 8681.299999999997,
    "pct3ResTime" : 12627.309999999996,
    "throughput" : 2.9754820280885506,
    "receivedKBytesPerSec" : 1.6097822691025947,
    "sentKBytesPerSec" : 0.0
  },
  "Read Stadium Msg" : {
    "transaction" : "Read Stadium Msg",
    "sampleCount" : 73,
    "errorCount" : 0,
    "errorPct" : 0.0,
    "meanResTime" : 39590.90410958905,
    "minResTime" : 14543.0,
    "maxResTime" : 69998.0,
    "pct1ResTime" : 52514.00000000001,
    "pct2ResTime" : 56491.9,
    "pct3ResTime" : 69998.0,
    "throughput" : 0.8862987919626055,
    "receivedKBytesPerSec" : 19.382628486766226,
    "sentKBytesPerSec" : 0.0
  },
  "GetNewsList(10)" : {
    "transaction" : "GetNewsList(10)",
    "sampleCount" : 100,
    "errorCount" : 0,
    "errorPct" : 0.0,
    "meanResTime" : 5962.1799999999985,
    "minResTime" : 322.0,
    "maxResTime" : 25985.0,
    "pct1ResTime" : 11530.5,
    "pct2ResTime" : 14991.799999999994,
    "pct3ResTime" : 25907.99999999996,
    "throughput" : 1.9557606931215896,
    "receivedKBytesPerSec" : 6.745846453227983,
    "sentKBytesPerSec" : 0.0
  },
  "Read Stadium Message" : {
    "transaction" : "Read Stadium Message",
    "sampleCount" : 132,
    "errorCount" : 0,
    "errorPct" : 0.0,
    "meanResTime" : 11544.772727272728,
    "minResTime" : 453.0,
    "maxResTime" : 17826.0,
    "pct1ResTime" : 16805.4,
    "pct2ResTime" : 17225.55,
    "pct3ResTime" : 17809.829999999998,
    "throughput" : 2.0301757947676835,
    "receivedKBytesPerSec" : 1.5296910806841075,
    "sentKBytesPerSec" : 0.0
  },
  "Login" : {
    "transaction" : "Login",
    "sampleCount" : 300,
    "errorCount" : 0,
    "errorPct" : 0.0,
    "meanResTime" : 6557.246666666665,
    "minResTime" : 694.0,
    "maxResTime" : 19252.0,
    "pct1ResTime" : 11209.000000000005,
    "pct2ResTime" : 15709.05,
    "pct3ResTime" : 18988.0,
    "throughput" : 10.138217701328106,
    "receivedKBytesPerSec" : 7.979094150248386,
    "sentKBytesPerSec" : 0.0
  },
  "Get Stadium Items" : {
    "transaction" : "Get Stadium Items",
    "sampleCount" : 102,
    "errorCount" : 0,
    "errorPct" : 0.0,
    "meanResTime" : 9347.833333333336,
    "minResTime" : 636.0,
    "maxResTime" : 21180.0,
    "pct1ResTime" : 15658.2,
    "pct2ResTime" : 17538.249999999996,
    "pct3ResTime" : 21102.329999999998,
    "throughput" : 1.4074789568097144,
    "receivedKBytesPerSec" : 3.2767869463226162,
    "sentKBytesPerSec" : 0.0
  },
  "Get Stadium Idle Time" : {
    "transaction" : "Get Stadium Idle Time",
    "sampleCount" : 21,
    "errorCount" : 0,
    "errorPct" : 0.0,
    "meanResTime" : 16138.714285714286,
    "minResTime" : 13756.0,
    "maxResTime" : 17743.0,
    "pct1ResTime" : 17525.8,
    "pct2ResTime" : 17725.2,
    "pct3ResTime" : 17743.0,
    "throughput" : 0.6548584258450791,
    "receivedKBytesPerSec" : 0.35958743919171765,
    "sentKBytesPerSec" : 0.0
  }
}