{
  "Read News" : {
    "transaction" : "Read News",
    "sampleCount" : 654,
    "errorCount" : 0,
    "errorPct" : 0.0,
    "meanResTime" : 4986.308868501532,
    "minResTime" : 478.0,
    "maxResTime" : 7337.0,
    "pct1ResTime" : 5958.5,
    "pct2ResTime" : 6256.75,
    "pct3ResTime" : 6838.500000000004,
    "throughput" : 8.841063631324943,
    "receivedKBytesPerSec" : 59.85628571826883,
    "sentKBytesPerSec" : 0.0
  },
  "Total" : {
    "transaction" : "Total",
    "sampleCount" : 2675,
    "errorCount" : 0,
    "errorPct" : 0.0,
    "meanResTime" : 1280.95289719626,
    "minResTime" : 39.0,
    "maxResTime" : 6563.0,
    "pct1ResTime" : 4757.0,
    "pct2ResTime" : 5052.4,
    "pct3ResTime" : 5467.48,
    "throughput" : 35.70522831324497,
    "receivedKBytesPerSec" : 59.84374582882847,
    "sentKBytesPerSec" : 0.0
  },
  "GetNewsList(5)" : {
    "transaction" : "GetNewsList(5)",
    "sampleCount" : 654,
    "errorCount" : 0,
    "errorPct" : 0.0,
    "meanResTime" : 204.50764525993873,
    "minResTime" : 41.0,
    "maxResTime" : 1486.0,
    "pct1ResTime" : 464.5,
    "pct2ResTime" : 541.5,
    "pct3ResTime" : 909.9500000000014,
    "throughput" : 8.896990803722044,
    "receivedKBytesPerSec" : 17.71578539920825,
    "sentKBytesPerSec" : 0.0
  },
  "GetNewsCount" : {
    "transaction" : "GetNewsCount",
    "sampleCount" : 660,
    "errorCount" : 0,
    "errorPct" : 0.0,
    "meanResTime" : 198.13939393939407,
    "minResTime" : 39.0,
    "maxResTime" : 1226.0,
    "pct1ResTime" : 416.69999999999993,
    "pct2ResTime" : 511.74999999999966,
    "pct3ResTime" : 944.6799999999998,
    "throughput" : 8.831558100947385,
    "receivedKBytesPerSec" : 4.7780109257078625,
    "sentKBytesPerSec" : 0.0
  },
  "GetNewsList(10)" : {
    "transaction" : "GetNewsList(10)",
    "sampleCount" : 658,
    "errorCount" : 0,
    "errorPct" : 0.0,
    "meanResTime" : 171.33282674772022,
    "minResTime" : 43.0,
    "maxResTime" : 1857.0,
    "pct1ResTime" : 413.20000000000005,
    "pct2ResTime" : 596.2499999999998,
    "pct3ResTime" : 1007.2299999999999,
    "throughput" : 8.80939311582076,
    "receivedKBytesPerSec" : 30.385523911209887,
    "sentKBytesPerSec" : 0.0
  },
  "Login" : {
    "transaction" : "Login",
    "sampleCount" : 703,
    "errorCount" : 0,
    "errorPct" : 0.0,
    "meanResTime" : 4337.541963015647,
    "minResTime" : 185.0,
    "maxResTime" : 6563.0,
    "pct1ResTime" : 5236.2,
    "pct2ResTime" : 5372.8,
    "pct3ResTime" : 6050.600000000001,
    "throughput" : 9.411985219300595,
    "receivedKBytesPerSec" : 7.42416042715418,
    "sentKBytesPerSec" : 0.0
  }
}