{
  "Total" : {
    "transaction" : "Total",
    "sampleCount" : 2715,
    "errorCount" : 0,
    "errorPct" : 0.0,
    "meanResTime" : 497.20699815838003,
    "minResTime" : 35.0,
    "maxResTime" : 2841.0,
    "pct1ResTime" : 1869.4,
    "pct2ResTime" : 1934.0,
    "pct3ResTime" : 2059.3600000000006,
    "throughput" : 36.433172302737525,
    "receivedKBytesPerSec" : 42.897761821490874,
    "sentKBytesPerSec" : 0.0
  },
  "readStadiumsMsg-128" : {
    "transaction" : "readStadiumsMsg-128",
    "sampleCount" : 675,
    "errorCount" : 0,
    "errorPct" : 0.0,
    "meanResTime" : 66.65037037037048,
    "minResTime" : 35.0,
    "maxResTime" : 242.0,
    "pct1ResTime" : 92.0,
    "pct2ResTime" : 101.0,
    "pct3ResTime" : 153.20000000000005,
    "throughput" : 9.083935564617061,
    "receivedKBytesPerSec" : 6.849368897782174,
    "sentKBytesPerSec" : 0.0
  },
  "readStadiumsMsg-129" : {
    "transaction" : "readStadiumsMsg-129",
    "sampleCount" : 672,
    "errorCount" : 0,
    "errorPct" : 0.0,
    "meanResTime" : 130.7797619047618,
    "minResTime" : 38.0,
    "maxResTime" : 468.0,
    "pct1ResTime" : 243.70000000000005,
    "pct2ResTime" : 272.70000000000005,
    "pct3ResTime" : 400.0799999999999,
    "throughput" : 9.081449247942484,
    "receivedKBytesPerSec" : 7.678349185608876,
    "sentKBytesPerSec" : 0.0
  },
  "Read Stadium Msg" : {
    "transaction" : "Read Stadium Msg",
    "sampleCount" : 672,
    "errorCount" : 0,
    "errorPct" : 0.0,
    "meanResTime" : 269.27529761904765,
    "minResTime" : 119.0,
    "maxResTime" : 789.0,
    "pct1ResTime" : 390.4000000000001,
    "pct2ResTime" : 433.70000000000005,
    "pct3ResTime" : 565.8899999999999,
    "throughput" : 9.071886601417482,
    "receivedKBytesPerSec" : 35.63152579733378,
    "sentKBytesPerSec" : 0.0
  },
  "Login" : {
    "transaction" : "Login",
    "sampleCount" : 1384,
    "errorCount" : 0,
    "errorPct" : 0.0,
    "meanResTime" : 1688.7268786127158,
    "minResTime" : 160.0,
    "maxResTime" : 2841.0,
    "pct1ResTime" : 1999.5,
    "pct2ResTime" : 2041.0,
    "pct3ResTime" : 2144.0,
    "throughput" : 18.597401201306116,
    "receivedKBytesPerSec" : 14.668239335720717,
    "sentKBytesPerSec" : 0.0
  },
  "Get Stadium Items" : {
    "transaction" : "Get Stadium Items",
    "sampleCount" : 676,
    "errorCount" : 0,
    "errorPct" : 0.0,
    "meanResTime" : 71.66420118343194,
    "minResTime" : 35.0,
    "maxResTime" : 366.0,
    "pct1ResTime" : 97.0,
    "pct2ResTime" : 115.0,
    "pct3ResTime" : 217.0600000000004,
    "throughput" : 9.097882992611336,
    "receivedKBytesPerSec" : 21.181008842173263,
    "sentKBytesPerSec" : 0.0
  }
}