{
  "Read News" : {
    "transaction" : "Read News",
    "sampleCount" : 101,
    "errorCount" : 0,
    "errorPct" : 0.0,
    "meanResTime" : 643.2277227722772,
    "minResTime" : 294.0,
    "maxResTime" : 8130.0,
    "pct1ResTime" : 805.6,
    "pct2ResTime" : 1023.4999999999991,
    "pct3ResTime" : 8043.200000000017,
    "throughput" : 1.5471813725490196,
    "receivedKBytesPerSec" : 10.475039014629289,
    "sentKBytesPerSec" : 0.0
  },
  "Total" : {
    "transaction" : "Total",
    "sampleCount" : 404,
    "errorCount" : 0,
    "errorPct" : 0.0,
    "meanResTime" : 160.80693069306932,
    "minResTime" : 37.0,
    "maxResTime" : 4216.0,
    "pct1ResTime" : 316.0,
    "pct2ResTime" : 387.5,
    "pct3ResTime" : 639.0999999999996,
    "throughput" : 6.188630688868123,
    "receivedKBytesPerSec" : 10.474878553867127,
    "sentKBytesPerSec" : 0.0
  },
  "GetNewsList(5)" : {
    "transaction" : "GetNewsList(5)",
    "sampleCount" : 101,
    "errorCount" : 0,
    "errorPct" : 0.0,
    "meanResTime" : 91.06930693069307,
    "minResTime" : 42.0,
    "maxResTime" : 442.0,
    "pct1ResTime" : 261.4,
    "pct2ResTime" : 284.49999999999994,
    "pct3ResTime" : 441.6000000000001,
    "throughput" : 1.5572481420950384,
    "receivedKBytesPerSec" : 3.100809532941194,
    "sentKBytesPerSec" : 0.0
  },
  "GetNewsCount" : {
    "transaction" : "GetNewsCount",
    "sampleCount" : 101,
    "errorCount" : 0,
    "errorPct" : 0.0,
    "meanResTime" : 147.04950495049502,
    "minResTime" : 37.0,
    "maxResTime" : 3384.0,
    "pct1ResTime" : 266.0,
    "pct2ResTime" : 334.5999999999998,
    "pct3ResTime" : 3372.7400000000025,
    "throughput" : 1.5632980946337085,
    "receivedKBytesPerSec" : 0.8457686957295649,
    "sentKBytesPerSec" : 0.0
  },
  "GetNewsList(10)" : {
    "transaction" : "GetNewsList(10)",
    "sampleCount" : 101,
    "errorCount" : 0,
    "errorPct" : 0.0,
    "meanResTime" : 129.25742574257418,
    "minResTime" : 41.0,
    "maxResTime" : 4216.0,
    "pct1ResTime" : 254.39999999999998,
    "pct2ResTime" : 273.79999999999995,
    "pct3ResTime" : 4139.020000000015,
    "throughput" : 1.5627417607922016,
    "receivedKBytesPerSec" : 5.390238182732477,
    "sentKBytesPerSec" : 0.0
  },
  "Login" : {
    "transaction" : "Login",
    "sampleCount" : 101,
    "errorCount" : 0,
    "errorPct" : 0.0,
    "meanResTime" : 275.851485148515,
    "minResTime" : 164.0,
    "maxResTime" : 641.0,
    "pct1ResTime" : 439.4,
    "pct2ResTime" : 530.8,
    "pct3ResTime" : 640.2400000000001,
    "throughput" : 1.5592676073733287,
    "receivedKBytesPerSec" : 1.2301937554034026,
    "sentKBytesPerSec" : 0.0
  }
}