{
  "Total" : {
    "transaction" : "Total",
    "sampleCount" : 725,
    "errorCount" : 0,
    "errorPct" : 0.0,
    "meanResTime" : 88.4179310344827,
    "minResTime" : 35.0,
    "maxResTime" : 1083.0,
    "pct1ResTime" : 176.0,
    "pct2ResTime" : 219.0999999999998,
    "pct3ResTime" : 402.7600000000002,
    "throughput" : 11.154017754119293,
    "receivedKBytesPerSec" : 13.21274834516685,
    "sentKBytesPerSec" : 0.0
  },
  "readStadiumsMsg-128" : {
    "transaction" : "readStadiumsMsg-128",
    "sampleCount" : 181,
    "errorCount" : 0,
    "errorPct" : 0.0,
    "meanResTime" : 46.17679558011051,
    "minResTime" : 35.0,
    "maxResTime" : 621.0,
    "pct1ResTime" : 45.0,
    "pct2ResTime" : 50.900000000000006,
    "pct3ResTime" : 358.6000000000022,
    "throughput" : 2.8102099118121973,
    "receivedKBytesPerSec" : 2.113494854094212,
    "sentKBytesPerSec" : 0.0
  },
  "readStadiumsMsg-129" : {
    "transaction" : "readStadiumsMsg-129",
    "sampleCount" : 181,
    "errorCount" : 0,
    "errorPct" : 0.0,
    "meanResTime" : 57.91160220994474,
    "minResTime" : 35.0,
    "maxResTime" : 357.0,
    "pct1ResTime" : 68.0,
    "pct2ResTime" : 81.9,
    "pct3ResTime" : 319.2800000000003,
    "throughput" : 2.81029717728162,
    "receivedKBytesPerSec" : 2.449260477478806,
    "sentKBytesPerSec" : 0.0
  },
  "Read Stadium Msg" : {
    "transaction" : "Read Stadium Msg",
    "sampleCount" : 181,
    "errorCount" : 0,
    "errorPct" : 0.0,
    "meanResTime" : 157.35911602209947,
    "minResTime" : 107.0,
    "maxResTime" : 2015.0,
    "pct1ResTime" : 170.60000000000002,
    "pct2ResTime" : 332.1,
    "pct3ResTime" : 716.1200000000108,
    "throughput" : 2.8068978351218905,
    "receivedKBytesPerSec" : 11.092110785233547,
    "sentKBytesPerSec" : 0.0
  },
  "Login" : {
    "transaction" : "Login",
    "sampleCount" : 364,
    "errorCount" : 0,
    "errorPct" : 0.0,
    "meanResTime" : 195.71978021978026,
    "minResTime" : 157.0,
    "maxResTime" : 692.0,
    "pct1ResTime" : 314.0,
    "pct2ResTime" : 373.0,
    "pct3ResTime" : 481.0,
    "throughput" : 5.6,
    "receivedKBytesPerSec" : 4.416977163461539,
    "sentKBytesPerSec" : 0.0
  },
  "Get Stadium Items" : {
    "transaction" : "Get Stadium Items",
    "sampleCount" : 181,
    "errorCount" : 0,
    "errorPct" : 0.0,
    "meanResTime" : 53.27071823204419,
    "minResTime" : 35.0,
    "maxResTime" : 1083.0,
    "pct1ResTime" : 46.0,
    "pct2ResTime" : 78.70000000000002,
    "pct3ResTime" : 409.7800000000056,
    "throughput" : 2.810079023769232,
    "receivedKBytesPerSec" : 6.542215227212743,
    "sentKBytesPerSec" : 0.0
  }
}