{
  "Total" : {
    "transaction" : "Total",
    "sampleCount" : 2276,
    "errorCount" : 0,
    "errorPct" : 0.0,
    "meanResTime" : 2996.9050966608092,
    "minResTime" : 38.0,
    "maxResTime" : 18331.0,
    "pct1ResTime" : 8921.3,
    "pct2ResTime" : 9826.45,
    "pct3ResTime" : 13086.23,
    "throughput" : 30.328469584915716,
    "receivedKBytesPerSec" : 35.829088484409354,
    "sentKBytesPerSec" : 0.0
  },
  "readStadiumsMsg-128" : {
    "transaction" : "readStadiumsMsg-128",
    "sampleCount" : 550,
    "errorCount" : 0,
    "errorPct" : 0.0,
    "meanResTime" : 1169.1963636363632,
    "minResTime" : 38.0,
    "maxResTime" : 16014.0,
    "pct1ResTime" : 2177.8,
    "pct2ResTime" : 3953.949999999983,
    "pct3ResTime" : 8827.470000000001,
    "throughput" : 7.451362922018101,
    "receivedKBytesPerSec" : 5.619441643127134,
    "sentKBytesPerSec" : 0.0
  },
  "readStadiumsMsg-129" : {
    "transaction" : "readStadiumsMsg-129",
    "sampleCount" : 534,
    "errorCount" : 0,
    "errorPct" : 0.0,
    "meanResTime" : 1306.8164794007491,
    "minResTime" : 45.0,
    "maxResTime" : 16273.0,
    "pct1ResTime" : 2446.5,
    "pct2ResTime" : 3297.5,
    "pct3ResTime" : 8574.899999999994,
    "throughput" : 7.239990780536084,
    "receivedKBytesPerSec" : 6.104611257236601,
    "sentKBytesPerSec" : 0.0
  },
  "Read Stadium Msg" : {
    "transaction" : "Read Stadium Msg",
    "sampleCount" : 534,
    "errorCount" : 0,
    "errorPct" : 0.0,
    "meanResTime" : 4206.681647940073,
    "minResTime" : 193.0,
    "maxResTime" : 18773.0,
    "pct1ResTime" : 8825.5,
    "pct2ResTime" : 14043.25,
    "pct3ResTime" : 17271.699999999993,
    "throughput" : 7.2193380921479555,
    "receivedKBytesPerSec" : 28.338941227118482,
    "sentKBytesPerSec" : 0.0
  },
  "Login" : {
    "transaction" : "Login",
    "sampleCount" : 1236,
    "errorCount" : 0,
    "errorPct" : 0.0,
    "meanResTime" : 7307.276699029127,
    "minResTime" : 451.0,
    "maxResTime" : 18331.0,
    "pct1ResTime" : 10272.0,
    "pct2ResTime" : 11131.0,
    "pct3ResTime" : 14794.929999999928,
    "throughput" : 16.531799638868453,
    "receivedKBytesPerSec" : 13.038458001738782,
    "sentKBytesPerSec" : 0.0
  },
  "Get Stadium Items" : {
    "transaction" : "Get Stadium Items",
    "sampleCount" : 574,
    "errorCount" : 0,
    "errorPct" : 0.0,
    "meanResTime" : 1679.72299651568,
    "minResTime" : 45.0,
    "maxResTime" : 15028.0,
    "pct1ResTime" : 3427.5,
    "pct2ResTime" : 5902.75,
    "pct3ResTime" : 10856.0,
    "throughput" : 7.727517501346258,
    "receivedKBytesPerSec" : 17.990626682821755,
    "sentKBytesPerSec" : 0.0
  }
}