{
  "Total" : {
    "transaction" : "Total",
    "sampleCount" : 2486,
    "errorCount" : 0,
    "errorPct" : 0.0,
    "meanResTime" : 5592.287610619468,
    "minResTime" : 38.0,
    "maxResTime" : 28220.0,
    "pct1ResTime" : 14456.800000000003,
    "pct2ResTime" : 17168.15,
    "pct3ResTime" : 20856.180000000008,
    "throughput" : 31.024197875978086,
    "receivedKBytesPerSec" : 37.144278782556064,
    "sentKBytesPerSec" : 0.0
  },
  "readStadiumsMsg-128" : {
    "transaction" : "readStadiumsMsg-128",
    "sampleCount" : 594,
    "errorCount" : 0,
    "errorPct" : 0.0,
    "meanResTime" : 3148.873737373737,
    "minResTime" : 38.0,
    "maxResTime" : 19198.0,
    "pct1ResTime" : 7485.0,
    "pct2ResTime" : 8871.75,
    "pct3ResTime" : 14226.249999999896,
    "throughput" : 7.991497262172234,
    "receivedKBytesPerSec" : 6.029884869969999,
    "sentKBytesPerSec" : 0.0
  },
  "readStadiumsMsg-129" : {
    "transaction" : "readStadiumsMsg-129",
    "sampleCount" : 549,
    "errorCount" : 0,
    "errorPct" : 0.0,
    "meanResTime" : 3293.0673952641155,
    "minResTime" : 66.0,
    "maxResTime" : 18384.0,
    "pct1ResTime" : 6295.0,
    "pct2ResTime" : 8204.5,
    "pct3ResTime" : 12334.5,
    "throughput" : 7.376652692679781,
    "receivedKBytesPerSec" : 6.582559263476835,
    "sentKBytesPerSec" : 0.0
  },
  "Read Stadium Msg" : {
    "transaction" : "Read Stadium Msg",
    "sampleCount" : 549,
    "errorCount" : 0,
    "errorPct" : 0.0,
    "meanResTime" : 10209.57012750456,
    "minResTime" : 417.0,
    "maxResTime" : 30337.0,
    "pct1ResTime" : 19476.0,
    "pct2ResTime" : 22035.0,
    "pct3ResTime" : 26771.5,
    "throughput" : 7.119329823378375,
    "receivedKBytesPerSec" : 28.30113938454755,
    "sentKBytesPerSec" : 0.0
  },
  "Login" : {
    "transaction" : "Login",
    "sampleCount" : 1414,
    "errorCount" : 0,
    "errorPct" : 0.0,
    "meanResTime" : 10904.57001414426,
    "minResTime" : 701.0,
    "maxResTime" : 28220.0,
    "pct1ResTime" : 18680.0,
    "pct2ResTime" : 20091.75,
    "pct3ResTime" : 22708.499999999993,
    "throughput" : 18.406425326408144,
    "receivedKBytesPerSec" : 14.517514742062717,
    "sentKBytesPerSec" : 0.0
  },
  "Get Stadium Items" : {
    "transaction" : "Get Stadium Items",
    "sampleCount" : 636,
    "errorCount" : 0,
    "errorPct" : 0.0,
    "meanResTime" : 3953.727987421381,
    "minResTime" : 96.0,
    "maxResTime" : 24510.0,
    "pct1ResTime" : 8743.500000000002,
    "pct2ResTime" : 11697.399999999998,
    "pct3ResTime" : 17388.109999999997,
    "throughput" : 8.068710909252376,
    "receivedKBytesPerSec" : 18.784967585603187,
    "sentKBytesPerSec" : 0.0
  }
}