{
  "Read News" : {
    "transaction" : "Read News",
    "sampleCount" : 199,
    "errorCount" : 0,
    "errorPct" : 0.0,
    "meanResTime" : 46115.633165829124,
    "minResTime" : 28343.0,
    "maxResTime" : 116395.0,
    "pct1ResTime" : 53343.0,
    "pct2ResTime" : 58774.0,
    "pct3ResTime" : 102502.0,
    "throughput" : 1.633235941039362,
    "receivedKBytesPerSec" : 11.053909417472342,
    "sentKBytesPerSec" : 0.0
  },
  "Total" : {
    "transaction" : "Total",
    "sampleCount" : 1308,
    "errorCount" : 0,
    "errorPct" : 0.0,
    "meanResTime" : 12078.531345565725,
    "minResTime" : 106.0,
    "maxResTime" : 68830.0,
    "pct1ResTime" : 22249.9,
    "pct2ResTime" : 25295.05,
    "pct3ResTime" : 32411.96000000003,
    "throughput" : 10.662492969113007,
    "receivedKBytesPerSec" : 22.568287489912205,
    "sentKBytesPerSec" : 0.0
  },
  "GetNewsList(5)" : {
    "transaction" : "GetNewsList(5)",
    "sampleCount" : 199,
    "errorCount" : 0,
    "errorPct" : 0.0,
    "meanResTime" : 8884.969849246228,
    "minResTime" : 1508.0,
    "maxResTime" : 68830.0,
    "pct1ResTime" : 14498.0,
    "pct2ResTime" : 15481.0,
    "pct3ResTime" : 67772.0,
    "throughput" : 1.9992565578629051,
    "receivedKBytesPerSec" : 3.9809415248852185,
    "sentKBytesPerSec" : 0.0
  },
  "Read Stadium Comments" : {
    "transaction" : "Read Stadium Comments",
    "sampleCount" : 41,
    "errorCount" : 0,
    "errorPct" : 0.0,
    "meanResTime" : 24031.902439024394,
    "minResTime" : 14183.0,
    "maxResTime" : 33119.0,
    "pct1ResTime" : 30784.800000000003,
    "pct2ResTime" : 31979.2,
    "pct3ResTime" : 33119.0,
    "throughput" : 0.8271131732902965,
    "receivedKBytesPerSec" : 15.935837262961469,
    "sentKBytesPerSec" : 0.0
  },
  "GetNewsCount" : {
    "transaction" : "GetNewsCount",
    "sampleCount" : 200,
    "errorCount" : 0,
    "errorPct" : 0.0,
    "meanResTime" : 9896.584999999994,
    "minResTime" : 108.0,
    "maxResTime" : 28243.0,
    "pct1ResTime" : 17432.300000000003,
    "pct2ResTime" : 20459.049999999996,
    "pct3ResTime" : 27224.000000000015,
    "throughput" : 4.083882955914484,
    "receivedKBytesPerSec" : 2.2094444898209216,
    "sentKBytesPerSec" : 0.0
  },
  "Read Stadium Msg" : {
    "transaction" : "Read Stadium Msg",
    "sampleCount" : 41,
    "errorCount" : 0,
    "errorPct" : 0.0,
    "meanResTime" : 37484.34146341463,
    "minResTime" : 24031.0,
    "maxResTime" : 48001.0,
    "pct1ResTime" : 46332.4,
    "pct2ResTime" : 47726.9,
    "pct3ResTime" : 48001.0,
    "throughput" : 0.6627226586493389,
    "receivedKBytesPerSec" : 14.812066098503216,
    "sentKBytesPerSec" : 0.0
  },
  "GetNewsList(10)" : {
    "transaction" : "GetNewsList(10)",
    "sampleCount" : 200,
    "errorCount" : 0,
    "errorPct" : 0.0,
    "meanResTime" : 7881.105000000002,
    "minResTime" : 106.0,
    "maxResTime" : 21233.0,
    "pct1ResTime" : 13105.500000000002,
    "pct2ResTime" : 15556.849999999997,
    "pct3ResTime" : 21124.130000000005,
    "throughput" : 3.4125034125034124,
    "receivedKBytesPerSec" : 11.770470754845755,
    "sentKBytesPerSec" : 0.0
  },
  "Read Stadium Message" : {
    "transaction" : "Read Stadium Message",
    "sampleCount" : 98,
    "errorCount" : 0,
    "errorPct" : 0.0,
    "meanResTime" : 13248.520408163271,
    "minResTime" : 3471.0,
    "maxResTime" : 25186.0,
    "pct1ResTime" : 21735.1,
    "pct2ResTime" : 23643.649999999998,
    "pct3ResTime" : 25186.0,
    "throughput" : 2.073591333234591,
    "receivedKBytesPerSec" : 1.5622809703032097,
    "sentKBytesPerSec" : 0.0
  },
  "Login" : {
    "transaction" : "Login",
    "sampleCount" : 600,
    "errorCount" : 0,
    "errorPct" : 0.0,
    "meanResTime" : 14018.858333333332,
    "minResTime" : 818.0,
    "maxResTime" : 40687.0,
    "pct1ResTime" : 23815.8,
    "pct2ResTime" : 26286.749999999975,
    "pct3ResTime" : 35215.780000000006,
    "throughput" : 12.346187085888308,
    "receivedKBytesPerSec" : 9.71231374619326,
    "sentKBytesPerSec" : 0.0
  },
  "Get Stadium Items" : {
    "transaction" : "Get Stadium Items",
    "sampleCount" : 170,
    "errorCount" : 0,
    "errorPct" : 0.0,
    "meanResTime" : 11976.170588235296,
    "minResTime" : 2520.0,
    "maxResTime" : 27119.0,
    "pct1ResTime" : 21165.5,
    "pct2ResTime" : 24634.099999999995,
    "pct3ResTime" : 26217.29999999999,
    "throughput" : 2.8980071938766816,
    "receivedKBytesPerSec" : 6.746922998244148,
    "sentKBytesPerSec" : 0.0
  }
}