{
  "Read News" : {
    "transaction" : "Read News",
    "sampleCount" : 108,
    "errorCount" : 0,
    "errorPct" : 0.0,
    "meanResTime" : 12708.101851851858,
    "minResTime" : 199.0,
    "maxResTime" : 47042.0,
    "pct1ResTime" : 22220.7,
    "pct2ResTime" : 38970.349999999984,
    "pct3ResTime" : 46831.12999999999,
    "throughput" : 1.37420315303279,
    "receivedKBytesPerSec" : 8.219721008130703,
    "sentKBytesPerSec" : 0.0
  },
  "Total" : {
    "transaction" : "Total",
    "sampleCount" : 888,
    "errorCount" : 0,
    "errorPct" : 0.0,
    "meanResTime" : 8295.51463963964,
    "minResTime" : 43.0,
    "maxResTime" : 47654.0,
    "pct1ResTime" : 18698.3,
    "pct2ResTime" : 21213.649999999994,
    "pct3ResTime" : 29356.420000000013,
    "throughput" : 10.49695021041184,
    "receivedKBytesPerSec" : 33.074549734916545,
    "sentKBytesPerSec" : 0.0
  },
  "GetNewsList(5)" : {
    "transaction" : "GetNewsList(5)",
    "sampleCount" : 108,
    "errorCount" : 0,
    "errorPct" : 0.0,
    "meanResTime" : 5733.9722222222235,
    "minResTime" : 70.0,
    "maxResTime" : 22248.0,
    "pct1ResTime" : 9854.300000000017,
    "pct2ResTime" : 14443.349999999999,
    "pct3ResTime" : 22146.839999999997,
    "throughput" : 1.3766905887901695,
    "receivedKBytesPerSec" : 2.7412813579523,
    "sentKBytesPerSec" : 0.0
  },
  "Read Stadium Comments" : {
    "transaction" : "Read Stadium Comments",
    "sampleCount" : 99,
    "errorCount" : 0,
    "errorPct" : 0.0,
    "meanResTime" : 20726.63636363636,
    "minResTime" : 7486.0,
    "maxResTime" : 47654.0,
    "pct1ResTime" : 28407.0,
    "pct2ResTime" : 30614.0,
    "pct3ResTime" : 47654.0,
    "throughput" : 1.1862396204033216,
    "receivedKBytesPerSec" : 19.588317655349464,
    "sentKBytesPerSec" : 0.0
  },
  "GetNewsCount" : {
    "transaction" : "GetNewsCount",
    "sampleCount" : 133,
    "errorCount" : 0,
    "errorPct" : 0.0,
    "meanResTime" : 4934.834586466166,
    "minResTime" : 44.0,
    "maxResTime" : 20383.0,
    "pct1ResTime" : 15534.60000000002,
    "pct2ResTime" : 18657.4,
    "pct3ResTime" : 20284.399999999998,
    "throughput" : 1.6796958866394716,
    "receivedKBytesPerSec" : 0.9087417199201829,
    "sentKBytesPerSec" : 0.0
  },
  "Read Stadium Msg" : {
    "transaction" : "Read Stadium Msg",
    "sampleCount" : 99,
    "errorCount" : 0,
    "errorPct" : 0.0,
    "meanResTime" : 35408.43434343435,
    "minResTime" : 7605.0,
    "maxResTime" : 64160.0,
    "pct1ResTime" : 50547.0,
    "pct2ResTime" : 53274.0,
    "pct3ResTime" : 64160.0,
    "throughput" : 1.1847206931214398,
    "receivedKBytesPerSec" : 23.219081145888183,
    "sentKBytesPerSec" : 0.0
  },
  "GetNewsList(10)" : {
    "transaction" : "GetNewsList(10)",
    "sampleCount" : 116,
    "errorCount" : 0,
    "errorPct" : 0.0,
    "meanResTime" : 5432.853448275862,
    "minResTime" : 61.0,
    "maxResTime" : 24217.0,
    "pct1ResTime" : 13260.9,
    "pct2ResTime" : 18799.05,
    "pct3ResTime" : 23729.269999999997,
    "throughput" : 1.4724362473185157,
    "receivedKBytesPerSec" : 5.078754712430662,
    "sentKBytesPerSec" : 0.0
  },
  "Read Stadium Message" : {
    "transaction" : "Read Stadium Message",
    "sampleCount" : 101,
    "errorCount" : 0,
    "errorPct" : 0.0,
    "meanResTime" : 8418.227722772275,
    "minResTime" : 44.0,
    "maxResTime" : 19296.0,
    "pct1ResTime" : 13824.4,
    "pct2ResTime" : 14369.199999999999,
    "pct3ResTime" : 19295.86,
    "throughput" : 1.3165269757680826,
    "receivedKBytesPerSec" : 0.9980242930184966,
    "sentKBytesPerSec" : 0.0
  },
  "Login" : {
    "transaction" : "Login",
    "sampleCount" : 302,
    "errorCount" : 0,
    "errorPct" : 0.0,
    "meanResTime" : 6241.172185430462,
    "minResTime" : 353.0,
    "maxResTime" : 21118.0,
    "pct1ResTime" : 16008.3,
    "pct2ResTime" : 18857.0,
    "pct3ResTime" : 20880.0,
    "throughput" : 3.7772663598158895,
    "receivedKBytesPerSec" : 2.9719980425755455,
    "sentKBytesPerSec" : 0.0
  },
  "Get Stadium Items" : {
    "transaction" : "Get Stadium Items",
    "sampleCount" : 103,
    "errorCount" : 0,
    "errorPct" : 0.0,
    "meanResTime" : 6780.533980582527,
    "minResTime" : 43.0,
    "maxResTime" : 18539.0,
    "pct1ResTime" : 10791.400000000001,
    "pct2ResTime" : 14220.999999999996,
    "pct3ResTime" : 18444.919999999984,
    "throughput" : 1.3200220430865446,
    "receivedKBytesPerSec" : 3.0731763190608623,
    "sentKBytesPerSec" : 0.0
  },
  "Post Comment" : {
    "transaction" : "Post Comment",
    "sampleCount" : 154,
    "errorCount" : 0,
    "errorPct" : 0.0,
    "meanResTime" : 11917.064935064938,
    "minResTime" : 100.0,
    "maxResTime" : 20640.0,
    "pct1ResTime" : 18749.0,
    "pct2ResTime" : 19068.0,
    "pct3ResTime" : 20640.0,
    "throughput" : 2.1672436601086438,
    "receivedKBytesPerSec" : 1.1513481944327169,
    "sentKBytesPerSec" : 0.0
  }
}