{
  "Modify User Info" : {
    "transaction" : "Modify User Info",
    "sampleCount" : 53,
    "errorCount" : 0,
    "errorPct" : 0.0,
    "meanResTime" : 43.03773584905661,
    "minResTime" : 38.0,
    "maxResTime" : 48.0,
    "pct1ResTime" : 47.0,
    "pct2ResTime" : 47.3,
    "pct3ResTime" : 48.0,
    "throughput" : 0.8312551953449709,
    "receivedKBytesPerSec" : 0.4416043225270158,
    "sentKBytesPerSec" : 0.0
  },
  "Login" : {
    "transaction" : "Login",
    "sampleCount" : 161,
    "errorCount" : 0,
    "errorPct" : 0.0,
    "meanResTime" : 159.4285714285715,
    "minResTime" : 127.0,
    "maxResTime" : 222.0,
    "pct1ResTime" : 178.0,
    "pct2ResTime" : 182.0,
    "pct3ResTime" : 222.0,
    "throughput" : 2.471789360558839,
    "receivedKBytesPerSec" : 1.943574523105857,
    "sentKBytesPerSec" : 0.0
  },
  "Get Stadium Items" : {
    "transaction" : "Get Stadium Items",
    "sampleCount" : 106,
    "errorCount" : 0,
    "errorPct" : 0.0,
    "meanResTime" : 41.15094339622644,
    "minResTime" : 35.0,
    "maxResTime" : 84.0,
    "pct1ResTime" : 44.0,
    "pct2ResTime" : 45.0,
    "pct3ResTime" : 83.85999999999999,
    "throughput" : 1.6443796345133566,
    "receivedKBytesPerSec" : 3.8283213366014084,
    "sentKBytesPerSec" : 0.0
  },
  "Get Stadium Idle Time" : {
    "transaction" : "Get Stadium Idle Time",
    "sampleCount" : 53,
    "errorCount" : 0,
    "errorPct" : 0.0,
    "meanResTime" : 41.52830188679246,
    "minResTime" : 35.0,
    "maxResTime" : 74.0,
    "pct1ResTime" : 45.6,
    "pct2ResTime" : 46.3,
    "pct3ResTime" : 74.0,
    "throughput" : 0.8312291212496667,
    "receivedKBytesPerSec" : 0.45649292377001616,
    "sentKBytesPerSec" : 0.0
  },
  "Stadium Booking" : {
    "transaction" : "Stadium Booking",
    "sampleCount" : 53,
    "errorCount" : 0,
    "errorPct" : 0.0,
    "meanResTime" : 123.66037735849059,
    "minResTime" : 107.0,
    "maxResTime" : 169.0,
    "pct1ResTime" : 131.6,
    "pct2ResTime" : 143.09999999999997,
    "pct3ResTime" : 169.0,
    "throughput" : 0.8301354843762236,
    "receivedKBytesPerSec" : 3.010388318388284,
    "sentKBytesPerSec" : 0.0
  },
  "Read News" : {
    "transaction" : "Read News",
    "sampleCount" : 53,
    "errorCount" : 0,
    "errorPct" : 0.0,
    "meanResTime" : 264.64150943396226,
    "minResTime" : 243.0,
    "maxResTime" : 345.0,
    "pct1ResTime" : 281.4,
    "pct2ResTime" : 289.4,
    "pct3ResTime" : 345.0,
    "throughput" : 0.8273751912329451,
    "receivedKBytesPerSec" : 5.599448205142214,
    "sentKBytesPerSec" : 0.0
  },
  "Total" : {
    "transaction" : "Total",
    "sampleCount" : 637,
    "errorCount" : 0,
    "errorPct" : 0.0,
    "meanResTime" : 101.18367346938771,
    "minResTime" : 35.0,
    "maxResTime" : 652.0,
    "pct1ResTime" : 177.0,
    "pct2ResTime" : 522.1,
    "pct3ResTime" : 585.1,
    "throughput" : 9.779688339602364,
    "receivedKBytesPerSec" : 27.471519488370305,
    "sentKBytesPerSec" : 0.0
  },
  "GetNewsList(5)" : {
    "transaction" : "GetNewsList(5)",
    "sampleCount" : 53,
    "errorCount" : 0,
    "errorPct" : 0.0,
    "meanResTime" : 44.50943396226414,
    "minResTime" : 39.0,
    "maxResTime" : 70.0,
    "pct1ResTime" : 47.6,
    "pct2ResTime" : 49.0,
    "pct3ResTime" : 70.0,
    "throughput" : 0.8303305655647815,
    "receivedKBytesPerSec" : 1.6533633038931537,
    "sentKBytesPerSec" : 0.0
  },
  "Read Stadium Comments" : {
    "transaction" : "Read Stadium Comments",
    "sampleCount" : 53,
    "errorCount" : 0,
    "errorPct" : 0.0,
    "meanResTime" : 528.8301886792455,
    "minResTime" : 455.0,
    "maxResTime" : 652.0,
    "pct1ResTime" : 589.4,
    "pct2ResTime" : 604.9,
    "pct3ResTime" : 652.0,
    "throughput" : 0.8250054481491859,
    "receivedKBytesPerSec" : 15.630396464734908,
    "sentKBytesPerSec" : 0.0
  },
  "GetNewsCount" : {
    "transaction" : "GetNewsCount",
    "sampleCount" : 53,
    "errorCount" : 0,
    "errorPct" : 0.0,
    "meanResTime" : 40.415094339622634,
    "minResTime" : 35.0,
    "maxResTime" : 60.0,
    "pct1ResTime" : 44.0,
    "pct2ResTime" : 45.3,
    "pct3ResTime" : 60.0,
    "throughput" : 0.8303565833176663,
    "receivedKBytesPerSec" : 0.44923588589647173,
    "sentKBytesPerSec" : 0.0
  },
  "Read Stadium Msg" : {
    "transaction" : "Read Stadium Msg",
    "sampleCount" : 53,
    "errorCount" : 0,
    "errorPct" : 0.0,
    "meanResTime" : 610.2830188679246,
    "minResTime" : 533.0,
    "maxResTime" : 737.0,
    "pct1ResTime" : 672.2,
    "pct2ResTime" : 699.1999999999999,
    "pct3ResTime" : 737.0,
    "throughput" : 0.8239024996890935,
    "receivedKBytesPerSec" : 18.154653324563174,
    "sentKBytesPerSec" : 0.0
  },
  "GetNewsList(10)" : {
    "transaction" : "GetNewsList(10)",
    "sampleCount" : 53,
    "errorCount" : 0,
    "errorPct" : 0.0,
    "meanResTime" : 44.43396226415094,
    "minResTime" : 39.0,
    "maxResTime" : 53.0,
    "pct1ResTime" : 48.0,
    "pct2ResTime" : 49.599999999999994,
    "pct3ResTime" : 53.0,
    "throughput" : 0.8303435742374157,
    "receivedKBytesPerSec" : 2.864036625201711,
    "sentKBytesPerSec" : 0.0
  },
  "Read Stadium Message" : {
    "transaction" : "Read Stadium Message",
    "sampleCount" : 106,
    "errorCount" : 0,
    "errorPct" : 0.0,
    "meanResTime" : 40.63207547169811,
    "minResTime" : 35.0,
    "maxResTime" : 48.0,
    "pct1ResTime" : 45.0,
    "pct2ResTime" : 45.0,
    "pct3ResTime" : 48.0,
    "throughput" : 1.6477025430578873,
    "receivedKBytesPerSec" : 1.2440955706335883,
    "sentKBytesPerSec" : 0.0
  },
  "Modify User Infomation" : {
    "transaction" : "Modify User Infomation",
    "sampleCount" : 53,
    "errorCount" : 0,
    "errorPct" : 0.0,
    "meanResTime" : 43.03773584905661,
    "minResTime" : 38.0,
    "maxResTime" : 48.0,
    "pct1ResTime" : 47.0,
    "pct2ResTime" : 47.3,
    "pct3ResTime" : 48.0,
    "throughput" : 0.8312551953449709,
    "receivedKBytesPerSec" : 0.4416043225270158,
    "sentKBytesPerSec" : 0.0
  }
}