{
  "Total" : {
    "transaction" : "Total",
    "sampleCount" : 776,
    "errorCount" : 0,
    "errorPct" : 0.0,
    "meanResTime" : 9381.84664948453,
    "minResTime" : 69.0,
    "maxResTime" : 23319.0,
    "pct1ResTime" : 19747.6,
    "pct2ResTime" : 20619.2,
    "pct3ResTime" : 21729.890000000003,
    "throughput" : 9.617410487439116,
    "receivedKBytesPerSec" : 6.106048197819971,
    "sentKBytesPerSec" : 0.0
  },
  "Modify User Info" : {
    "transaction" : "Modify User Info",
    "sampleCount" : 206,
    "errorCount" : 0,
    "errorPct" : 0.0,
    "meanResTime" : 809.3106796116502,
    "minResTime" : 69.0,
    "maxResTime" : 4284.0,
    "pct1ResTime" : 1928.2,
    "pct2ResTime" : 2098.6,
    "pct3ResTime" : 4116.280000000008,
    "throughput" : 3.3174973830421126,
    "receivedKBytesPerSec" : 1.7983407480473468,
    "sentKBytesPerSec" : 0.0
  },
  "Modify User Infomation" : {
    "transaction" : "Modify User Infomation",
    "sampleCount" : 206,
    "errorCount" : 0,
    "errorPct" : 0.0,
    "meanResTime" : 809.3106796116504,
    "minResTime" : 69.0,
    "maxResTime" : 4284.0,
    "pct1ResTime" : 1928.2,
    "pct2ResTime" : 2098.6,
    "pct3ResTime" : 4116.280000000008,
    "throughput" : 3.3174973830421126,
    "receivedKBytesPerSec" : 1.7983407480473468,
    "sentKBytesPerSec" : 0.0
  },
  "Login" : {
    "transaction" : "Login",
    "sampleCount" : 612,
    "errorCount" : 0,
    "errorPct" : 0.0,
    "meanResTime" : 8011.833333333337,
    "minResTime" : 363.0,
    "maxResTime" : 12226.0,
    "pct1ResTime" : 9923.0,
    "pct2ResTime" : 10419.700000000003,
    "pct3ResTime" : 11383.350000000002,
    "throughput" : 7.8680431456745055,
    "receivedKBytesPerSec" : 6.190574860509366,
    "sentKBytesPerSec" : 0.0
  },
  "Modify Password" : {
    "transaction" : "Modify Password",
    "sampleCount" : 528,
    "errorCount" : 0,
    "errorPct" : 0.0,
    "meanResTime" : 17658.992424242428,
    "minResTime" : 5732.0,
    "maxResTime" : 23319.0,
    "pct1ResTime" : 20858.2,
    "pct2ResTime" : 21370.1,
    "pct3ResTime" : 22991.0,
    "throughput" : 6.588881262868909,
    "receivedKBytesPerSec" : 3.5003431708991077,
    "sentKBytesPerSec" : 0.0
  }
}