{
  "Modify User Info" : {
    "transaction" : "Modify User Info",
    "sampleCount" : 69,
    "errorCount" : 0,
    "errorPct" : 0.0,
    "meanResTime" : 167.60869565217388,
    "minResTime" : 38.0,
    "maxResTime" : 1734.0,
    "pct1ResTime" : 357.0,
    "pct2ResTime" : 622.0,
    "pct3ResTime" : 1734.0,
    "throughput" : 0.9763690391962644,
    "receivedKBytesPerSec" : 0.5186960520730154,
    "sentKBytesPerSec" : 0.0
  },
  "Login" : {
    "transaction" : "Login",
    "sampleCount" : 237,
    "errorCount" : 0,
    "errorPct" : 0.0,
    "meanResTime" : 249.75527426160338,
    "minResTime" : 128.0,
    "maxResTime" : 862.0,
    "pct1ResTime" : 425.0,
    "pct2ResTime" : 442.29999999999995,
    "pct3ResTime" : 794.62,
    "throughput" : 3.2684696115072196,
    "receivedKBytesPerSec" : 2.5721178295362086,
    "sentKBytesPerSec" : 0.0
  },
  "Get Stadium Items" : {
    "transaction" : "Get Stadium Items",
    "sampleCount" : 148,
    "errorCount" : 0,
    "errorPct" : 0.0,
    "meanResTime" : 391.45270270270254,
    "minResTime" : 35.0,
    "maxResTime" : 3931.0,
    "pct1ResTime" : 848.9999999999994,
    "pct2ResTime" : 1014.3999999999999,
    "pct3ResTime" : 3852.5999999999985,
    "throughput" : 2.0284531674022093,
    "receivedKBytesPerSec" : 4.722492530358268,
    "sentKBytesPerSec" : 0.0
  },
  "Get Stadium Idle Time" : {
    "transaction" : "Get Stadium Idle Time",
    "sampleCount" : 70,
    "errorCount" : 0,
    "errorPct" : 0.0,
    "meanResTime" : 127.65714285714286,
    "minResTime" : 36.0,
    "maxResTime" : 732.0,
    "pct1ResTime" : 280.9,
    "pct2ResTime" : 486.5,
    "pct3ResTime" : 732.0,
    "throughput" : 0.9902390720045269,
    "receivedKBytesPerSec" : 0.5438440506082898,
    "sentKBytesPerSec" : 0.0
  },
  "Stadium Booking" : {
    "transaction" : "Stadium Booking",
    "sampleCount" : 70,
    "errorCount" : 0,
    "errorPct" : 0.0,
    "meanResTime" : 652.4142857142858,
    "minResTime" : 114.0,
    "maxResTime" : 2337.0,
    "pct1ResTime" : 1176.5,
    "pct2ResTime" : 1509.250000000002,
    "pct3ResTime" : 2337.0,
    "throughput" : 0.9887005649717514,
    "receivedKBytesPerSec" : 3.585294734286723,
    "sentKBytesPerSec" : 0.0
  },
  "Read News" : {
    "transaction" : "Read News",
    "sampleCount" : 79,
    "errorCount" : 0,
    "errorPct" : 0.0,
    "meanResTime" : 1108.7341772151897,
    "minResTime" : 244.0,
    "maxResTime" : 2891.0,
    "pct1ResTime" : 2014.0,
    "pct2ResTime" : 2625.0,
    "pct3ResTime" : 2891.0,
    "throughput" : 1.0833196204267457,
    "receivedKBytesPerSec" : 7.332334005265755,
    "sentKBytesPerSec" : 0.0
  },
  "Total" : {
    "transaction" : "Total",
    "sampleCount" : 907,
    "errorCount" : 0,
    "errorPct" : 0.0,
    "meanResTime" : 764.1499448732073,
    "minResTime" : 35.0,
    "maxResTime" : 12214.0,
    "pct1ResTime" : 1185.200000000003,
    "pct2ResTime" : 5823.799999999998,
    "pct3ResTime" : 9150.399999999989,
    "throughput" : 11.9136751126348,
    "receivedKBytesPerSec" : 34.329113838318165,
    "sentKBytesPerSec" : 0.0
  },
  "GetNewsList(5)" : {
    "transaction" : "GetNewsList(5)",
    "sampleCount" : 79,
    "errorCount" : 0,
    "errorPct" : 0.0,
    "meanResTime" : 345.9113924050633,
    "minResTime" : 38.0,
    "maxResTime" : 1987.0,
    "pct1ResTime" : 770.0,
    "pct2ResTime" : 1172.0,
    "pct3ResTime" : 1987.0,
    "throughput" : 1.086582765972079,
    "receivedKBytesPerSec" : 2.1636154881026064,
    "sentKBytesPerSec" : 0.0
  },
  "Read Stadium Comments" : {
    "transaction" : "Read Stadium Comments",
    "sampleCount" : 77,
    "errorCount" : 0,
    "errorPct" : 0.0,
    "meanResTime" : 6235.272727272727,
    "minResTime" : 482.0,
    "maxResTime" : 12214.0,
    "pct1ResTime" : 9350.8,
    "pct2ResTime" : 9601.999999999998,
    "pct3ResTime" : 12214.0,
    "throughput" : 1.0182222104678533,
    "receivedKBytesPerSec" : 19.64996596972442,
    "sentKBytesPerSec" : 0.0
  },
  "GetNewsCount" : {
    "transaction" : "GetNewsCount",
    "sampleCount" : 79,
    "errorCount" : 0,
    "errorPct" : 0.0,
    "meanResTime" : 78.1139240506329,
    "minResTime" : 35.0,
    "maxResTime" : 753.0,
    "pct1ResTime" : 267.0,
    "pct2ResTime" : 278.0,
    "pct3ResTime" : 753.0,
    "throughput" : 1.0936526614522044,
    "receivedKBytesPerSec" : 0.5916831781684779,
    "sentKBytesPerSec" : 0.0
  },
  "Read Stadium Msg" : {
    "transaction" : "Read Stadium Msg",
    "sampleCount" : 77,
    "errorCount" : 0,
    "errorPct" : 0.0,
    "meanResTime" : 6850.831168831168,
    "minResTime" : 579.0,
    "maxResTime" : 13484.0,
    "pct1ResTime" : 9918.800000000001,
    "pct2ResTime" : 10892.599999999999,
    "pct3ResTime" : 13484.0,
    "throughput" : 1.0172402404386023,
    "receivedKBytesPerSec" : 22.763498352764387,
    "sentKBytesPerSec" : 0.0
  },
  "GetNewsList(10)" : {
    "transaction" : "GetNewsList(10)",
    "sampleCount" : 79,
    "errorCount" : 0,
    "errorPct" : 0.0,
    "meanResTime" : 439.24050632911394,
    "minResTime" : 39.0,
    "maxResTime" : 2192.0,
    "pct1ResTime" : 1069.0,
    "pct2ResTime" : 1657.0,
    "pct3ResTime" : 2192.0,
    "throughput" : 1.0896852326960744,
    "receivedKBytesPerSec" : 3.7585627362134124,
    "sentKBytesPerSec" : 0.0
  },
  "Read Stadium Message" : {
    "transaction" : "Read Stadium Message",
    "sampleCount" : 148,
    "errorCount" : 0,
    "errorPct" : 0.0,
    "meanResTime" : 182.7162162162163,
    "minResTime" : 35.0,
    "maxResTime" : 1107.0,
    "pct1ResTime" : 479.19999999999993,
    "pct2ResTime" : 739.4999999999995,
    "pct3ResTime" : 1020.7599999999984,
    "throughput" : 2.0226316077188,
    "receivedKBytesPerSec" : 1.517040436403269,
    "sentKBytesPerSec" : 0.0
  },
  "Modify User Infomation" : {
    "transaction" : "Modify User Infomation",
    "sampleCount" : 69,
    "errorCount" : 0,
    "errorPct" : 0.0,
    "meanResTime" : 167.60869565217388,
    "minResTime" : 38.0,
    "maxResTime" : 1734.0,
    "pct1ResTime" : 357.0,
    "pct2ResTime" : 622.0,
    "pct3ResTime" : 1734.0,
    "throughput" : 0.9763690391962644,
    "receivedKBytesPerSec" : 0.5186960520730154,
    "sentKBytesPerSec" : 0.0
  }
}