{
  "Stadium Booking" : {
    "transaction" : "Stadium Booking",
    "sampleCount" : 580,
    "errorCount" : 0,
    "errorPct" : 0.0,
    "meanResTime" : 9151.41379310345,
    "minResTime" : 353.0,
    "maxResTime" : 38545.0,
    "pct1ResTime" : 13741.9,
    "pct2ResTime" : 14864.649999999998,
    "pct3ResTime" : 18107.979999999985,
    "throughput" : 7.99327462410937,
    "receivedKBytesPerSec" : 29.021365967082865,
    "sentKBytesPerSec" : 0.0
  },
  "Total" : {
    "transaction" : "Total",
    "sampleCount" : 2530,
    "errorCount" : 0,
    "errorPct" : 0.0,
    "meanResTime" : 5927.279841897236,
    "minResTime" : 50.0,
    "maxResTime" : 38226.0,
    "pct1ResTime" : 15004.5,
    "pct2ResTime" : 16147.8,
    "pct3ResTime" : 18377.77,
    "throughput" : 30.613603087980835,
    "receivedKBytesPerSec" : 33.004262781633045,
    "sentKBytesPerSec" : 0.0
  },
  "Read Stadium Message" : {
    "transaction" : "Read Stadium Message",
    "sampleCount" : 590,
    "errorCount" : 0,
    "errorPct" : 0.0,
    "meanResTime" : 2683.9644067796594,
    "minResTime" : 91.0,
    "maxResTime" : 38226.0,
    "pct1ResTime" : 4523.0,
    "pct2ResTime" : 5341.049999999996,
    "pct3ResTime" : 7668.980000000026,
    "throughput" : 7.973835009190182,
    "receivedKBytesPerSec" : 6.007261025685209,
    "sentKBytesPerSec" : 0.0
  },
  "Login" : {
    "transaction" : "Login",
    "sampleCount" : 1552,
    "errorCount" : 0,
    "errorPct" : 0.0,
    "meanResTime" : 12449.689432989699,
    "minResTime" : 300.0,
    "maxResTime" : 22520.0,
    "pct1ResTime" : 16769.0,
    "pct2ResTime" : 17944.0,
    "pct3ResTime" : 20592.0,
    "throughput" : 18.779342723004696,
    "receivedKBytesPerSec" : 14.812474098240646,
    "sentKBytesPerSec" : 0.0
  },
  "Get Stadium Items" : {
    "transaction" : "Get Stadium Items",
    "sampleCount" : 580,
    "errorCount" : 0,
    "errorPct" : 0.0,
    "meanResTime" : 3561.722413793104,
    "minResTime" : 50.0,
    "maxResTime" : 11463.0,
    "pct1ResTime" : 5927.899999999999,
    "pct2ResTime" : 7100.299999999997,
    "pct3ResTime" : 9006.539999999985,
    "throughput" : 8.049183285454571,
    "receivedKBytesPerSec" : 18.739504836448923,
    "sentKBytesPerSec" : 0.0
  },
  "Get Stadium Idle Time" : {
    "transaction" : "Get Stadium Idle Time",
    "sampleCount" : 584,
    "errorCount" : 0,
    "errorPct" : 0.0,
    "meanResTime" : 2886.508561643835,
    "minResTime" : 61.0,
    "maxResTime" : 10629.0,
    "pct1ResTime" : 4580.5,
    "pct2ResTime" : 5523.75,
    "pct3ResTime" : 7744.39999999994,
    "throughput" : 8.07142659700915,
    "receivedKBytesPerSec" : 4.432214895686486,
    "sentKBytesPerSec" : 0.0
  }
}