{
  "Modify User Info" : {
    "transaction" : "Modify User Info",
    "sampleCount" : 67,
    "errorCount" : 0,
    "errorPct" : 0.0,
    "meanResTime" : 376.89552238805976,
    "minResTime" : 43.0,
    "maxResTime" : 1494.0,
    "pct1ResTime" : 880.0000000000002,
    "pct2ResTime" : 1237.5999999999988,
    "pct3ResTime" : 1494.0,
    "throughput" : 0.9544975354018862,
    "receivedKBytesPerSec" : 0.507076815682252,
    "sentKBytesPerSec" : 0.0
  },
  "Login" : {
    "transaction" : "Login",
    "sampleCount" : 261,
    "errorCount" : 0,
    "errorPct" : 0.0,
    "meanResTime" : 587.6168582375477,
    "minResTime" : 129.0,
    "maxResTime" : 3341.0,
    "pct1ResTime" : 1257.0,
    "pct2ResTime" : 1417.3999999999996,
    "pct3ResTime" : 2681.939999999995,
    "throughput" : 3.6258057346076904,
    "receivedKBytesPerSec" : 2.8532544992637257,
    "sentKBytesPerSec" : 0.0
  },
  "Get Stadium Items" : {
    "transaction" : "Get Stadium Items",
    "sampleCount" : 151,
    "errorCount" : 0,
    "errorPct" : 0.0,
    "meanResTime" : 861.0066225165565,
    "minResTime" : 35.0,
    "maxResTime" : 4244.0,
    "pct1ResTime" : 1977.8000000000002,
    "pct2ResTime" : 3056.2000000000035,
    "pct3ResTime" : 4228.4,
    "throughput" : 2.0910072839061677,
    "receivedKBytesPerSec" : 4.868126332844047,
    "sentKBytesPerSec" : 0.0
  },
  "Get Stadium Idle Time" : {
    "transaction" : "Get Stadium Idle Time",
    "sampleCount" : 67,
    "errorCount" : 0,
    "errorPct" : 0.0,
    "meanResTime" : 413.9701492537314,
    "minResTime" : 36.0,
    "maxResTime" : 1885.0,
    "pct1ResTime" : 899.2000000000002,
    "pct2ResTime" : 1263.1999999999994,
    "pct3ResTime" : 1885.0,
    "throughput" : 0.9623394903909683,
    "receivedKBytesPerSec" : 0.528453537495332,
    "sentKBytesPerSec" : 0.0
  },
  "Stadium Booking" : {
    "transaction" : "Stadium Booking",
    "sampleCount" : 67,
    "errorCount" : 0,
    "errorPct" : 0.0,
    "meanResTime" : 2146.4179104477603,
    "minResTime" : 116.0,
    "maxResTime" : 6521.0,
    "pct1ResTime" : 4160.6,
    "pct2ResTime" : 4651.599999999998,
    "pct3ResTime" : 6521.0,
    "throughput" : 0.9544023589407559,
    "receivedKBytesPerSec" : 3.4614752416276127,
    "sentKBytesPerSec" : 0.0
  },
  "Read News" : {
    "transaction" : "Read News",
    "sampleCount" : 86,
    "errorCount" : 0,
    "errorPct" : 0.0,
    "meanResTime" : 2412.7906976744175,
    "minResTime" : 253.0,
    "maxResTime" : 7095.0,
    "pct1ResTime" : 4578.5999999999985,
    "pct2ResTime" : 5246.999999999999,
    "pct3ResTime" : 7095.0,
    "throughput" : 1.1886169198236423,
    "receivedKBytesPerSec" : 8.04502966359377,
    "sentKBytesPerSec" : 0.0
  },
  "Total" : {
    "transaction" : "Total",
    "sampleCount" : 951,
    "errorCount" : 0,
    "errorPct" : 0.0,
    "meanResTime" : 1497.4879074658256,
    "minResTime" : 35.0,
    "maxResTime" : 19802.0,
    "pct1ResTime" : 2777.800000000012,
    "pct2ResTime" : 10493.799999999997,
    "pct3ResTime" : 15588.120000000003,
    "throughput" : 11.988654270406556,
    "receivedKBytesPerSec" : 34.72591002206114,
    "sentKBytesPerSec" : 0.0
  },
  "GetNewsList(5)" : {
    "transaction" : "GetNewsList(5)",
    "sampleCount" : 86,
    "errorCount" : 0,
    "errorPct" : 0.0,
    "meanResTime" : 676.8372093023255,
    "minResTime" : 38.0,
    "maxResTime" : 3683.0,
    "pct1ResTime" : 1608.6999999999998,
    "pct2ResTime" : 2244.7,
    "pct3ResTime" : 3683.0,
    "throughput" : 1.1921594721228757,
    "receivedKBytesPerSec" : 2.373840980135296,
    "sentKBytesPerSec" : 0.0
  },
  "Read Stadium Comments" : {
    "transaction" : "Read Stadium Comments",
    "sampleCount" : 82,
    "errorCount" : 0,
    "errorPct" : 0.0,
    "meanResTime" : 10858.82926829268,
    "minResTime" : 744.0,
    "maxResTime" : 19802.0,
    "pct1ResTime" : 16769.700000000004,
    "pct2ResTime" : 18114.35,
    "pct3ResTime" : 19802.0,
    "throughput" : 1.0419446244552029,
    "receivedKBytesPerSec" : 19.85469855874916,
    "sentKBytesPerSec" : 0.0
  },
  "GetNewsCount" : {
    "transaction" : "GetNewsCount",
    "sampleCount" : 87,
    "errorCount" : 0,
    "errorPct" : 0.0,
    "meanResTime" : 259.2068965517242,
    "minResTime" : 35.0,
    "maxResTime" : 1547.0,
    "pct1ResTime" : 735.4000000000001,
    "pct2ResTime" : 989.9999999999992,
    "pct3ResTime" : 1547.0,
    "throughput" : 1.2142019762183889,
    "receivedKBytesPerSec" : 0.6569022410400268,
    "sentKBytesPerSec" : 0.0
  },
  "Read Stadium Msg" : {
    "transaction" : "Read Stadium Msg",
    "sampleCount" : 82,
    "errorCount" : 0,
    "errorPct" : 0.0,
    "meanResTime" : 12059.536585365851,
    "minResTime" : 873.0,
    "maxResTime" : 20992.0,
    "pct1ResTime" : 17706.600000000002,
    "pct2ResTime" : 19404.399999999998,
    "pct3ResTime" : 20992.0,
    "throughput" : 1.0402263126514353,
    "receivedKBytesPerSec" : 23.028163612059014,
    "sentKBytesPerSec" : 0.0
  },
  "GetNewsList(10)" : {
    "transaction" : "GetNewsList(10)",
    "sampleCount" : 87,
    "errorCount" : 0,
    "errorPct" : 0.0,
    "meanResTime" : 926.3448275862073,
    "minResTime" : 39.0,
    "maxResTime" : 4032.0,
    "pct1ResTime" : 1880.6000000000004,
    "pct2ResTime" : 2237.3999999999996,
    "pct3ResTime" : 4032.0,
    "throughput" : 1.2132537513248174,
    "receivedKBytesPerSec" : 4.184777587577397,
    "sentKBytesPerSec" : 0.0
  },
  "Read Stadium Message" : {
    "transaction" : "Read Stadium Message",
    "sampleCount" : 150,
    "errorCount" : 0,
    "errorPct" : 0.0,
    "meanResTime" : 593.4599999999999,
    "minResTime" : 36.0,
    "maxResTime" : 3785.0,
    "pct1ResTime" : 1337.3,
    "pct2ResTime" : 2282.1499999999974,
    "pct3ResTime" : 3702.8900000000012,
    "throughput" : 2.0528541515553793,
    "receivedKBytesPerSec" : 1.5442247866742393,
    "sentKBytesPerSec" : 0.0
  },
  "Modify User Infomation" : {
    "transaction" : "Modify User Infomation",
    "sampleCount" : 67,
    "errorCount" : 0,
    "errorPct" : 0.0,
    "meanResTime" : 376.89552238805976,
    "minResTime" : 43.0,
    "maxResTime" : 1494.0,
    "pct1ResTime" : 880.0000000000002,
    "pct2ResTime" : 1237.5999999999988,
    "pct3ResTime" : 1494.0,
    "throughput" : 0.9544975354018862,
    "receivedKBytesPerSec" : 0.507076815682252,
    "sentKBytesPerSec" : 0.0
  }
}