{
  "Total" : {
    "transaction" : "Total",
    "sampleCount" : 716,
    "errorCount" : 0,
    "errorPct" : 0.0,
    "meanResTime" : 946.4497206703916,
    "minResTime" : 39.0,
    "maxResTime" : 2160.0,
    "pct1ResTime" : 2044.0,
    "pct2ResTime" : 2073.0,
    "pct3ResTime" : 2145.410000000001,
    "throughput" : 9.672799978384806,
    "receivedKBytesPerSec" : 6.0155389824984455,
    "sentKBytesPerSec" : 0.0
  },
  "Modify User Info" : {
    "transaction" : "Modify User Info",
    "sampleCount" : 233,
    "errorCount" : 0,
    "errorPct" : 0.0,
    "meanResTime" : 116.98283261802581,
    "minResTime" : 39.0,
    "maxResTime" : 358.0,
    "pct1ResTime" : 161.39999999999998,
    "pct2ResTime" : 243.49999999999923,
    "pct3ResTime" : 347.62,
    "throughput" : 3.176420868948782,
    "receivedKBytesPerSec" : 1.7254827469564982,
    "sentKBytesPerSec" : 0.0
  },
  "Modify User Infomation" : {
    "transaction" : "Modify User Infomation",
    "sampleCount" : 233,
    "errorCount" : 0,
    "errorPct" : 0.0,
    "meanResTime" : 116.98283261802581,
    "minResTime" : 39.0,
    "maxResTime" : 358.0,
    "pct1ResTime" : 161.39999999999998,
    "pct2ResTime" : 243.49999999999923,
    "pct3ResTime" : 347.62,
    "throughput" : 3.176420868948782,
    "receivedKBytesPerSec" : 1.7254827469564982,
    "sentKBytesPerSec" : 0.0
  },
  "Login" : {
    "transaction" : "Login",
    "sampleCount" : 486,
    "errorCount" : 0,
    "errorPct" : 0.0,
    "meanResTime" : 895.8991769547317,
    "minResTime" : 173.0,
    "maxResTime" : 1158.0,
    "pct1ResTime" : 1055.0,
    "pct2ResTime" : 1106.1499999999996,
    "pct3ResTime" : 1151.65,
    "throughput" : 6.5655269308188,
    "receivedKBytesPerSec" : 5.166310217770153,
    "sentKBytesPerSec" : 0.0
  },
  "Modify Password" : {
    "transaction" : "Modify Password",
    "sampleCount" : 480,
    "errorCount" : 0,
    "errorPct" : 0.0,
    "meanResTime" : 1802.9083333333324,
    "minResTime" : 253.0,
    "maxResTime" : 2160.0,
    "pct1ResTime" : 2083.9,
    "pct2ResTime" : 2101.85,
    "pct3ResTime" : 2160.0,
    "throughput" : 6.525285481239805,
    "receivedKBytesPerSec" : 3.466557911908646,
    "sentKBytesPerSec" : 0.0
  }
}