{
  "Total" : {
    "transaction" : "Total",
    "sampleCount" : 2581,
    "errorCount" : 0,
    "errorPct" : 0.0,
    "meanResTime" : 1325.76017047656,
    "minResTime" : 38.0,
    "maxResTime" : 10923.0,
    "pct1ResTime" : 4592.8,
    "pct2ResTime" : 4850.700000000001,
    "pct3ResTime" : 5655.819999999983,
    "throughput" : 34.38399232654801,
    "receivedKBytesPerSec" : 40.45413798974875,
    "sentKBytesPerSec" : 0.0
  },
  "readStadiumsMsg-128" : {
    "transaction" : "readStadiumsMsg-128",
    "sampleCount" : 633,
    "errorCount" : 0,
    "errorPct" : 0.0,
    "meanResTime" : 264.6872037914691,
    "minResTime" : 39.0,
    "maxResTime" : 5178.0,
    "pct1ResTime" : 610.8000000000003,
    "pct2ResTime" : 824.3,
    "pct3ResTime" : 3001.8399999999974,
    "throughput" : 8.538822640694976,
    "receivedKBytesPerSec" : 6.431543774955484,
    "sentKBytesPerSec" : 0.0
  },
  "readStadiumsMsg-129" : {
    "transaction" : "readStadiumsMsg-129",
    "sampleCount" : 632,
    "errorCount" : 0,
    "errorPct" : 0.0,
    "meanResTime" : 337.10917721518985,
    "minResTime" : 38.0,
    "maxResTime" : 7561.0,
    "pct1ResTime" : 752.8000000000002,
    "pct2ResTime" : 1034.3000000000004,
    "pct3ResTime" : 2271.559999999997,
    "throughput" : 8.502051523508442,
    "receivedKBytesPerSec" : 7.282435511535616,
    "sentKBytesPerSec" : 0.0
  },
  "Read Stadium Msg" : {
    "transaction" : "Read Stadium Msg",
    "sampleCount" : 632,
    "errorCount" : 0,
    "errorPct" : 0.0,
    "meanResTime" : 1104.9715189873432,
    "minResTime" : 143.0,
    "maxResTime" : 8615.0,
    "pct1ResTime" : 2602.4000000000024,
    "pct2ResTime" : 4710.150000000001,
    "pct3ResTime" : 7456.659999999996,
    "throughput" : 8.492569002123142,
    "receivedKBytesPerSec" : 33.44246929086377,
    "sentKBytesPerSec" : 0.0
  },
  "Login" : {
    "transaction" : "Login",
    "sampleCount" : 1358,
    "errorCount" : 0,
    "errorPct" : 0.0,
    "meanResTime" : 4008.615611192929,
    "minResTime" : 172.0,
    "maxResTime" : 10923.0,
    "pct1ResTime" : 4998.0,
    "pct2ResTime" : 5239.0,
    "pct3ResTime" : 7089.0,
    "throughput" : 18.090987810564176,
    "receivedKBytesPerSec" : 14.267920926863386,
    "sentKBytesPerSec" : 0.0
  },
  "Get Stadium Items" : {
    "transaction" : "Get Stadium Items",
    "sampleCount" : 637,
    "errorCount" : 0,
    "errorPct" : 0.0,
    "meanResTime" : 501.31397174254397,
    "minResTime" : 42.0,
    "maxResTime" : 7656.0,
    "pct1ResTime" : 1021.0000000000007,
    "pct2ResTime" : 1992.7000000000003,
    "pct3ResTime" : 6435.660000000001,
    "throughput" : 8.591621483099997,
    "receivedKBytesPerSec" : 20.002368765342183,
    "sentKBytesPerSec" : 0.0
  }
}