{
  "Stadium Booking" : {
    "transaction" : "Stadium Booking",
    "sampleCount" : 115,
    "errorCount" : 0,
    "errorPct" : 0.0,
    "meanResTime" : 270.9304347826088,
    "minResTime" : 117.0,
    "maxResTime" : 1673.0,
    "pct1ResTime" : 395.4,
    "pct2ResTime" : 527.3999999999999,
    "pct3ResTime" : 1568.5200000000023,
    "throughput" : 1.7771321722736475,
    "receivedKBytesPerSec" : 6.45224536786636,
    "sentKBytesPerSec" : 0.0
  },
  "Total" : {
    "transaction" : "Total",
    "sampleCount" : 461,
    "errorCount" : 0,
    "errorPct" : 0.0,
    "meanResTime" : 139.9045553145336,
    "minResTime" : 39.0,
    "maxResTime" : 4733.0,
    "pct1ResTime" : 278.40000000000003,
    "pct2ResTime" : 356.9,
    "pct3ResTime" : 571.9999999999998,
    "throughput" : 7.086638381602411,
    "receivedKBytesPerSec" : 7.824614707272643,
    "sentKBytesPerSec" : 0.0
  },
  "Read Stadium Message" : {
    "transaction" : "Read Stadium Message",
    "sampleCount" : 115,
    "errorCount" : 0,
    "errorPct" : 0.0,
    "meanResTime" : 91.15652173913038,
    "minResTime" : 39.0,
    "maxResTime" : 413.0,
    "pct1ResTime" : 232.60000000000008,
    "pct2ResTime" : 300.99999999999943,
    "pct3ResTime" : 409.32000000000005,
    "throughput" : 1.784993636109645,
    "receivedKBytesPerSec" : 1.344990279545525,
    "sentKBytesPerSec" : 0.0
  },
  "Login" : {
    "transaction" : "Login",
    "sampleCount" : 232,
    "errorCount" : 0,
    "errorPct" : 0.0,
    "meanResTime" : 287.4051724137932,
    "minResTime" : 161.0,
    "maxResTime" : 4733.0,
    "pct1ResTime" : 420.0,
    "pct2ResTime" : 492.0,
    "pct3ResTime" : 3353.5999999999476,
    "throughput" : 3.56632284444991,
    "receivedKBytesPerSec" : 2.8123402744685104,
    "sentKBytesPerSec" : 0.0
  },
  "Get Stadium Items" : {
    "transaction" : "Get Stadium Items",
    "sampleCount" : 115,
    "errorCount" : 0,
    "errorPct" : 0.0,
    "meanResTime" : 91.33043478260873,
    "minResTime" : 39.0,
    "maxResTime" : 654.0,
    "pct1ResTime" : 241.60000000000005,
    "pct2ResTime" : 273.3999999999999,
    "pct3ResTime" : 645.8400000000001,
    "throughput" : 1.7823654314099286,
    "receivedKBytesPerSec" : 4.14956952000124,
    "sentKBytesPerSec" : 0.0
  },
  "Get Stadium Idle Time" : {
    "transaction" : "Get Stadium Idle Time",
    "sampleCount" : 115,
    "errorCount" : 0,
    "errorPct" : 0.0,
    "meanResTime" : 88.44347826086951,
    "minResTime" : 39.0,
    "maxResTime" : 1527.0,
    "pct1ResTime" : 230.00000000000006,
    "pct2ResTime" : 265.4,
    "pct3ResTime" : 1327.8000000000043,
    "throughput" : 1.787490673961701,
    "receivedKBytesPerSec" : 0.9814805280092017,
    "sentKBytesPerSec" : 0.0
  }
}