{
  "Read News" : {
    "transaction" : "Read News",
    "sampleCount" : 200,
    "errorCount" : 0,
    "errorPct" : 0.0,
    "meanResTime" : 27665.975,
    "minResTime" : 4496.0,
    "maxResTime" : 76239.0,
    "pct1ResTime" : 45815.0,
    "pct2ResTime" : 47794.05,
    "pct3ResTime" : 69122.25000000012,
    "throughput" : 2.1123116082084428,
    "receivedKBytesPerSec" : 12.634676367457727,
    "sentKBytesPerSec" : 0.0
  },
  "Total" : {
    "transaction" : "Total",
    "sampleCount" : 1265,
    "errorCount" : 0,
    "errorPct" : 0.0,
    "meanResTime" : 12888.502766798434,
    "minResTime" : 425.0,
    "maxResTime" : 79217.0,
    "pct1ResTime" : 26902.600000000002,
    "pct2ResTime" : 28070.0,
    "pct3ResTime" : 36999.719999999965,
    "throughput" : 12.40232555859486,
    "receivedKBytesPerSec" : 34.117300554795726,
    "sentKBytesPerSec" : 0.0
  },
  "GetNewsList(5)" : {
    "transaction" : "GetNewsList(5)",
    "sampleCount" : 200,
    "errorCount" : 0,
    "errorPct" : 0.0,
    "meanResTime" : 11505.125,
    "minResTime" : 862.0,
    "maxResTime" : 26597.0,
    "pct1ResTime" : 17868.8,
    "pct2ResTime" : 19275.05,
    "pct3ResTime" : 24638.600000000013,
    "throughput" : 2.1519028200686456,
    "receivedKBytesPerSec" : 4.284892431757782,
    "sentKBytesPerSec" : 0.0
  },
  "Read Stadium Comments" : {
    "transaction" : "Read Stadium Comments",
    "sampleCount" : 87,
    "errorCount" : 0,
    "errorPct" : 0.0,
    "meanResTime" : 27763.8275862069,
    "minResTime" : 11829.0,
    "maxResTime" : 79217.0,
    "pct1ResTime" : 39492.4,
    "pct2ResTime" : 41173.2,
    "pct3ResTime" : 79217.0,
    "throughput" : 0.9532470662999769,
    "receivedKBytesPerSec" : 16.93750162640933,
    "sentKBytesPerSec" : 0.0
  },
  "GetNewsCount" : {
    "transaction" : "GetNewsCount",
    "sampleCount" : 208,
    "errorCount" : 0,
    "errorPct" : 0.0,
    "meanResTime" : 6303.278846153845,
    "minResTime" : 425.0,
    "maxResTime" : 27930.0,
    "pct1ResTime" : 9704.8,
    "pct2ResTime" : 10919.149999999998,
    "pct3ResTime" : 26965.62,
    "throughput" : 2.2016872545595034,
    "receivedKBytesPerSec" : 1.191147206080044,
    "sentKBytesPerSec" : 0.0
  },
  "Read Stadium Msg" : {
    "transaction" : "Read Stadium Msg",
    "sampleCount" : 87,
    "errorCount" : 0,
    "errorPct" : 0.0,
    "meanResTime" : 48498.83908045979,
    "minResTime" : 16107.0,
    "maxResTime" : 89593.0,
    "pct1ResTime" : 68614.2,
    "pct2ResTime" : 69920.59999999999,
    "pct3ResTime" : 89593.0,
    "throughput" : 0.9003135574803639,
    "receivedKBytesPerSec" : 18.771418423959723,
    "sentKBytesPerSec" : 0.0
  },
  "GetNewsList(10)" : {
    "transaction" : "GetNewsList(10)",
    "sampleCount" : 200,
    "errorCount" : 0,
    "errorPct" : 0.0,
    "meanResTime" : 10659.010000000004,
    "minResTime" : 466.0,
    "maxResTime" : 45063.0,
    "pct1ResTime" : 19631.100000000002,
    "pct2ResTime" : 20380.3,
    "pct3ResTime" : 33363.02000000008,
    "throughput" : 2.8847956843456566,
    "receivedKBytesPerSec" : 9.95029136436412,
    "sentKBytesPerSec" : 0.0
  },
  "Read Stadium Message" : {
    "transaction" : "Read Stadium Message",
    "sampleCount" : 102,
    "errorCount" : 0,
    "errorPct" : 0.0,
    "meanResTime" : 13748.55882352941,
    "minResTime" : 1472.0,
    "maxResTime" : 27680.0,
    "pct1ResTime" : 24764.10000000001,
    "pct2ResTime" : 26904.55,
    "pct3ResTime" : 27667.91,
    "throughput" : 1.1385580497170347,
    "receivedKBytesPerSec" : 0.8585513418520544,
    "sentKBytesPerSec" : 0.0
  },
  "Login" : {
    "transaction" : "Login",
    "sampleCount" : 450,
    "errorCount" : 0,
    "errorPct" : 0.0,
    "meanResTime" : 9905.22666666666,
    "minResTime" : 761.0,
    "maxResTime" : 28070.0,
    "pct1ResTime" : 19622.0,
    "pct2ResTime" : 22818.25,
    "pct3ResTime" : 27543.930000000004,
    "throughput" : 4.906878353033542,
    "receivedKBytesPerSec" : 3.8603119070855323,
    "sentKBytesPerSec" : 0.0
  },
  "Get Stadium Items" : {
    "transaction" : "Get Stadium Items",
    "sampleCount" : 195,
    "errorCount" : 0,
    "errorPct" : 0.0,
    "meanResTime" : 18069.430769230767,
    "minResTime" : 666.0,
    "maxResTime" : 33462.0,
    "pct1ResTime" : 28095.6,
    "pct2ResTime" : 28986.199999999997,
    "pct3ResTime" : 29852.39999999997,
    "throughput" : 2.131799895049851,
    "receivedKBytesPerSec" : 4.963096630662935,
    "sentKBytesPerSec" : 0.0
  },
  "Post Comment" : {
    "transaction" : "Post Comment",
    "sampleCount" : 96,
    "errorCount" : 0,
    "errorPct" : 0.0,
    "meanResTime" : 20625.541666666675,
    "minResTime" : 9671.0,
    "maxResTime" : 27701.0,
    "pct1ResTime" : 27163.0,
    "pct2ResTime" : 27326.0,
    "pct3ResTime" : 27701.0,
    "throughput" : 1.3413066562342815,
    "receivedKBytesPerSec" : 0.712569161124462,
    "sentKBytesPerSec" : 0.0
  }
}