{
  "Read News" : {
    "transaction" : "Read News",
    "sampleCount" : 164,
    "errorCount" : 0,
    "errorPct" : 0.0,
    "meanResTime" : 803.1036585365857,
    "minResTime" : 115.0,
    "maxResTime" : 2734.0,
    "pct1ResTime" : 1584.5,
    "pct2ResTime" : 2094.25,
    "pct3ResTime" : 2709.2999999999997,
    "throughput" : 2.2399781465546678,
    "receivedKBytesPerSec" : 13.398306784811854,
    "sentKBytesPerSec" : 0.0
  },
  "Total" : {
    "transaction" : "Total",
    "sampleCount" : 1305,
    "errorCount" : 0,
    "errorPct" : 0.0,
    "meanResTime" : 525.5111111111111,
    "minResTime" : 34.0,
    "maxResTime" : 6539.0,
    "pct1ResTime" : 1670.6000000000013,
    "pct2ResTime" : 2658.6000000000004,
    "pct3ResTime" : 4364.9400000000005,
    "throughput" : 17.56227542492632,
    "receivedKBytesPerSec" : 36.65884491451007,
    "sentKBytesPerSec" : 0.0
  },
  "GetNewsList(5)" : {
    "transaction" : "GetNewsList(5)",
    "sampleCount" : 164,
    "errorCount" : 0,
    "errorPct" : 0.0,
    "meanResTime" : 247.42073170731703,
    "minResTime" : 38.0,
    "maxResTime" : 1780.0,
    "pct1ResTime" : 746.5,
    "pct2ResTime" : 955.75,
    "pct3ResTime" : 1774.8,
    "throughput" : 2.242704373273528,
    "receivedKBytesPerSec" : 4.465697477641331,
    "sentKBytesPerSec" : 0.0
  },
  "Read Stadium Comments" : {
    "transaction" : "Read Stadium Comments",
    "sampleCount" : 164,
    "errorCount" : 0,
    "errorPct" : 0.0,
    "meanResTime" : 2383.1524390243903,
    "minResTime" : 149.0,
    "maxResTime" : 6539.0,
    "pct1ResTime" : 4209.5,
    "pct2ResTime" : 4629.75,
    "pct3ResTime" : 6379.749999999998,
    "throughput" : 2.221138739910071,
    "receivedKBytesPerSec" : 13.877950902168319,
    "sentKBytesPerSec" : 0.0
  },
  "GetNewsCount" : {
    "transaction" : "GetNewsCount",
    "sampleCount" : 165,
    "errorCount" : 0,
    "errorPct" : 0.0,
    "meanResTime" : 106.21212121212122,
    "minResTime" : 34.0,
    "maxResTime" : 754.0,
    "pct1ResTime" : 278.0,
    "pct2ResTime" : 423.79999999999836,
    "pct3ResTime" : 753.34,
    "throughput" : 2.272476862053768,
    "receivedKBytesPerSec" : 1.2294454898220581,
    "sentKBytesPerSec" : 0.0
  },
  "Read Stadium Msg" : {
    "transaction" : "Read Stadium Msg",
    "sampleCount" : 164,
    "errorCount" : 0,
    "errorPct" : 0.0,
    "meanResTime" : 2969.7743902439006,
    "minResTime" : 237.0,
    "maxResTime" : 7742.0,
    "pct1ResTime" : 5155.5,
    "pct2ResTime" : 5777.25,
    "pct3ResTime" : 7648.4,
    "throughput" : 2.218554692784286,
    "receivedKBytesPerSec" : 20.701943962047835,
    "sentKBytesPerSec" : 0.0
  },
  "GetNewsList(10)" : {
    "transaction" : "GetNewsList(10)",
    "sampleCount" : 164,
    "errorCount" : 0,
    "errorPct" : 0.0,
    "meanResTime" : 450.73170731707324,
    "minResTime" : 39.0,
    "maxResTime" : 2069.0,
    "pct1ResTime" : 990.0,
    "pct2ResTime" : 1679.75,
    "pct3ResTime" : 1998.1499999999994,
    "throughput" : 2.242612369921645,
    "receivedKBytesPerSec" : 7.735260635315674,
    "sentKBytesPerSec" : 0.0
  },
  "Read Stadium Message" : {
    "transaction" : "Read Stadium Message",
    "sampleCount" : 164,
    "errorCount" : 0,
    "errorPct" : 0.0,
    "meanResTime" : 160.9085365853658,
    "minResTime" : 35.0,
    "maxResTime" : 1758.0,
    "pct1ResTime" : 401.0,
    "pct2ResTime" : 505.75,
    "pct3ResTime" : 1140.4999999999945,
    "throughput" : 2.2430417834917598,
    "receivedKBytesPerSec" : 1.6935542467345963,
    "sentKBytesPerSec" : 0.0
  },
  "Login" : {
    "transaction" : "Login",
    "sampleCount" : 330,
    "errorCount" : 0,
    "errorPct" : 0.0,
    "meanResTime" : 269.9636363636363,
    "minResTime" : 161.0,
    "maxResTime" : 935.0,
    "pct1ResTime" : 440.0,
    "pct2ResTime" : 645.0999999999998,
    "pct3ResTime" : 887.0,
    "throughput" : 4.531908757570348,
    "receivedKBytesPerSec" : 3.566142264169082,
    "sentKBytesPerSec" : 0.0
  },
  "Get Stadium Items" : {
    "transaction" : "Get Stadium Items",
    "sampleCount" : 164,
    "errorCount" : 0,
    "errorPct" : 0.0,
    "meanResTime" : 425.71341463414643,
    "minResTime" : 35.0,
    "maxResTime" : 3641.0,
    "pct1ResTime" : 1028.5,
    "pct2ResTime" : 1717.5,
    "pct3ResTime" : 3484.9999999999986,
    "throughput" : 2.242919077120858,
    "receivedKBytesPerSec" : 5.221795976421997,
    "sentKBytesPerSec" : 0.0
  },
  "Post Comment" : {
    "transaction" : "Post Comment",
    "sampleCount" : 310,
    "errorCount" : 0,
    "errorPct" : 0.0,
    "meanResTime" : 143.1161290322582,
    "minResTime" : 44.0,
    "maxResTime" : 1368.0,
    "pct1ResTime" : 321.0,
    "pct2ResTime" : 365.0,
    "pct3ResTime" : 1071.0,
    "throughput" : 4.317248102499826,
    "receivedKBytesPerSec" : 2.293538054453032,
    "sentKBytesPerSec" : 0.0
  }
}