{
  "Read News" : {
    "transaction" : "Read News",
    "sampleCount" : 133,
    "errorCount" : 0,
    "errorPct" : 0.0,
    "meanResTime" : 1989.3909774436102,
    "minResTime" : 116.0,
    "maxResTime" : 6352.0,
    "pct1ResTime" : 3847.600000000001,
    "pct2ResTime" : 4463.899999999999,
    "pct3ResTime" : 6198.319999999999,
    "throughput" : 1.8165676432425049,
    "receivedKBytesPerSec" : 10.865700014512052,
    "sentKBytesPerSec" : 0.0
  },
  "Total" : {
    "transaction" : "Total",
    "sampleCount" : 1048,
    "errorCount" : 0,
    "errorPct" : 0.0,
    "meanResTime" : 1342.5629770992393,
    "minResTime" : 34.0,
    "maxResTime" : 35285.0,
    "pct1ResTime" : 4525.3,
    "pct2ResTime" : 6510.599999999999,
    "pct3ResTime" : 11112.849999999999,
    "throughput" : 11.756127657187728,
    "receivedKBytesPerSec" : 29.162295715547703,
    "sentKBytesPerSec" : 0.0
  },
  "GetNewsList(5)" : {
    "transaction" : "GetNewsList(5)",
    "sampleCount" : 133,
    "errorCount" : 0,
    "errorPct" : 0.0,
    "meanResTime" : 708.4586466165413,
    "minResTime" : 39.0,
    "maxResTime" : 3634.0,
    "pct1ResTime" : 1373.8000000000004,
    "pct2ResTime" : 1930.4999999999993,
    "pct3ResTime" : 3615.64,
    "throughput" : 1.8189277899343543,
    "receivedKBytesPerSec" : 3.6218689098399888,
    "sentKBytesPerSec" : 0.0
  },
  "Read Stadium Comments" : {
    "transaction" : "Read Stadium Comments",
    "sampleCount" : 129,
    "errorCount" : 0,
    "errorPct" : 0.0,
    "meanResTime" : 6620.031007751939,
    "minResTime" : 241.0,
    "maxResTime" : 35285.0,
    "pct1ResTime" : 10680.0,
    "pct2ResTime" : 12725.5,
    "pct3ResTime" : 30221.89999999981,
    "throughput" : 1.4533901169472048,
    "receivedKBytesPerSec" : 13.72988033473039,
    "sentKBytesPerSec" : 0.0
  },
  "GetNewsCount" : {
    "transaction" : "GetNewsCount",
    "sampleCount" : 136,
    "errorCount" : 0,
    "errorPct" : 0.0,
    "meanResTime" : 295.5661764705882,
    "minResTime" : 34.0,
    "maxResTime" : 1157.0,
    "pct1ResTime" : 735.9,
    "pct2ResTime" : 796.45,
    "pct3ResTime" : 1150.34,
    "throughput" : 1.8459951406892618,
    "receivedKBytesPerSec" : 0.998712214786964,
    "sentKBytesPerSec" : 0.0
  },
  "Read Stadium Msg" : {
    "transaction" : "Read Stadium Msg",
    "sampleCount" : 129,
    "errorCount" : 0,
    "errorPct" : 0.0,
    "meanResTime" : 7829.255813953492,
    "minResTime" : 360.0,
    "maxResTime" : 36073.0,
    "pct1ResTime" : 12162.0,
    "pct2ResTime" : 14661.5,
    "pct3ResTime" : 31538.49999999983,
    "throughput" : 1.4520976620101984,
    "receivedKBytesPerSec" : 18.191179403711292,
    "sentKBytesPerSec" : 0.0
  },
  "GetNewsList(10)" : {
    "transaction" : "GetNewsList(10)",
    "sampleCount" : 136,
    "errorCount" : 0,
    "errorPct" : 0.0,
    "meanResTime" : 1002.0147058823527,
    "minResTime" : 39.0,
    "maxResTime" : 4305.0,
    "pct1ResTime" : 2226.1,
    "pct2ResTime" : 2716.55,
    "pct3ResTime" : 4285.76,
    "throughput" : 1.8123667377398722,
    "receivedKBytesPerSec" : 6.2512493336886985,
    "sentKBytesPerSec" : 0.0
  },
  "Read Stadium Message" : {
    "transaction" : "Read Stadium Message",
    "sampleCount" : 129,
    "errorCount" : 0,
    "errorPct" : 0.0,
    "meanResTime" : 384.53488372093045,
    "minResTime" : 36.0,
    "maxResTime" : 2119.0,
    "pct1ResTime" : 817.0,
    "pct2ResTime" : 991.5,
    "pct3ResTime" : 2106.6999999999994,
    "throughput" : 1.7940587449933245,
    "receivedKBytesPerSec" : 1.3502025052500557,
    "sentKBytesPerSec" : 0.0
  },
  "Login" : {
    "transaction" : "Login",
    "sampleCount" : 272,
    "errorCount" : 0,
    "errorPct" : 0.0,
    "meanResTime" : 500.0000000000001,
    "minResTime" : 161.0,
    "maxResTime" : 2266.0,
    "pct1ResTime" : 931.0,
    "pct2ResTime" : 1177.0,
    "pct3ResTime" : 1807.5599999999886,
    "throughput" : 3.6968074262337414,
    "receivedKBytesPerSec" : 2.907960155687239,
    "sentKBytesPerSec" : 0.0
  },
  "Get Stadium Items" : {
    "transaction" : "Get Stadium Items",
    "sampleCount" : 132,
    "errorCount" : 0,
    "errorPct" : 0.0,
    "meanResTime" : 844.9318181818186,
    "minResTime" : 36.0,
    "maxResTime" : 7262.0,
    "pct1ResTime" : 1915.9,
    "pct2ResTime" : 2368.699999999999,
    "pct3ResTime" : 6835.639999999984,
    "throughput" : 1.7861733941353974,
    "receivedKBytesPerSec" : 4.158434933221472,
    "sentKBytesPerSec" : 0.0
  },
  "Post Comment" : {
    "transaction" : "Post Comment",
    "sampleCount" : 234,
    "errorCount" : 0,
    "errorPct" : 0.0,
    "meanResTime" : 454.61538461538476,
    "minResTime" : 45.0,
    "maxResTime" : 1588.0,
    "pct1ResTime" : 956.0,
    "pct2ResTime" : 1113.0,
    "pct3ResTime" : 1556.5000000000005,
    "throughput" : 3.218707015130674,
    "receivedKBytesPerSec" : 1.7099381017881705,
    "sentKBytesPerSec" : 0.0
  }
}