{
  "Read News" : {
    "transaction" : "Read News",
    "sampleCount" : 250,
    "errorCount" : 0,
    "errorPct" : 0.0,
    "meanResTime" : 271.54399999999987,
    "minResTime" : 142.0,
    "maxResTime" : 644.0,
    "pct1ResTime" : 347.0,
    "pct2ResTime" : 401.9,
    "pct3ResTime" : 516.2000000000007,
    "throughput" : 3.37618841832325,
    "receivedKBytesPerSec" : 20.19448638889639,
    "sentKBytesPerSec" : 0.0
  },
  "Total" : {
    "transaction" : "Total",
    "sampleCount" : 1486,
    "errorCount" : 0,
    "errorPct" : 0.0,
    "meanResTime" : 915.8109017496629,
    "minResTime" : 35.0,
    "maxResTime" : 4120.0,
    "pct1ResTime" : 3649.3,
    "pct2ResTime" : 3766.6499999999996,
    "pct3ResTime" : 3892.3899999999994,
    "throughput" : 19.911030121127666,
    "receivedKBytesPerSec" : 26.187032707149747,
    "sentKBytesPerSec" : 0.0
  },
  "GetNewsList(5)" : {
    "transaction" : "GetNewsList(5)",
    "sampleCount" : 250,
    "errorCount" : 0,
    "errorPct" : 0.0,
    "meanResTime" : 97.43199999999999,
    "minResTime" : 48.0,
    "maxResTime" : 456.0,
    "pct1ResTime" : 127.9,
    "pct2ResTime" : 142.79999999999995,
    "pct3ResTime" : 270.8100000000006,
    "throughput" : 3.3805254688788824,
    "receivedKBytesPerSec" : 6.731339288128947,
    "sentKBytesPerSec" : 0.0
  },
  "GetNewsCount" : {
    "transaction" : "GetNewsCount",
    "sampleCount" : 250,
    "errorCount" : 0,
    "errorPct" : 0.0,
    "meanResTime" : 80.48799999999997,
    "minResTime" : 35.0,
    "maxResTime" : 301.0,
    "pct1ResTime" : 123.9,
    "pct2ResTime" : 169.5999999999999,
    "pct3ResTime" : 275.13000000000034,
    "throughput" : 3.3847820200379095,
    "receivedKBytesPerSec" : 1.8312199600595722,
    "sentKBytesPerSec" : 0.0
  },
  "Modify User Info" : {
    "transaction" : "Modify User Info",
    "sampleCount" : 234,
    "errorCount" : 0,
    "errorPct" : 0.0,
    "meanResTime" : 118.25641025641025,
    "minResTime" : 53.0,
    "maxResTime" : 575.0,
    "pct1ResTime" : 140.5,
    "pct2ResTime" : 157.0,
    "pct3ResTime" : 221.45000000000007,
    "throughput" : 3.2168043660558405,
    "receivedKBytesPerSec" : 1.7549207913476212,
    "sentKBytesPerSec" : 0.0
  },
  "GetNewsList(10)" : {
    "transaction" : "GetNewsList(10)",
    "sampleCount" : 250,
    "errorCount" : 0,
    "errorPct" : 0.0,
    "meanResTime" : 93.62400000000001,
    "minResTime" : 48.0,
    "maxResTime" : 213.0,
    "pct1ResTime" : 126.9,
    "pct2ResTime" : 148.34999999999997,
    "pct3ResTime" : 186.49,
    "throughput" : 3.382400692715662,
    "receivedKBytesPerSec" : 11.666639889327849,
    "sentKBytesPerSec" : 0.0
  },
  "Modify User Infomation" : {
    "transaction" : "Modify User Infomation",
    "sampleCount" : 234,
    "errorCount" : 0,
    "errorPct" : 0.0,
    "meanResTime" : 118.25641025641025,
    "minResTime" : 53.0,
    "maxResTime" : 575.0,
    "pct1ResTime" : 140.5,
    "pct2ResTime" : 157.0,
    "pct3ResTime" : 221.45000000000007,
    "throughput" : 3.2168043660558405,
    "receivedKBytesPerSec" : 1.7549207913476212,
    "sentKBytesPerSec" : 0.0
  },
  "Login" : {
    "transaction" : "Login",
    "sampleCount" : 506,
    "errorCount" : 0,
    "errorPct" : 0.0,
    "meanResTime" : 1638.3083003952565,
    "minResTime" : 173.0,
    "maxResTime" : 2825.0,
    "pct1ResTime" : 1903.6,
    "pct2ResTime" : 1957.0,
    "pct3ResTime" : 2037.0,
    "throughput" : 6.837745435872488,
    "receivedKBytesPerSec" : 5.380733875217902,
    "sentKBytesPerSec" : 0.0
  },
  "Modify Password" : {
    "transaction" : "Modify Password",
    "sampleCount" : 498,
    "errorCount" : 0,
    "errorPct" : 0.0,
    "meanResTime" : 3417.0481927710834,
    "minResTime" : 247.0,
    "maxResTime" : 4120.0,
    "pct1ResTime" : 3862.0,
    "pct2ResTime" : 3897.4999999999995,
    "pct3ResTime" : 4032.3099999999995,
    "throughput" : 6.7017454144181725,
    "receivedKBytesPerSec" : 3.5603022514096545,
    "sentKBytesPerSec" : 0.0
  }
}