{
  "Read News" : {
    "transaction" : "Read News",
    "sampleCount" : 228,
    "errorCount" : 0,
    "errorPct" : 0.0,
    "meanResTime" : 6242.403508771931,
    "minResTime" : 206.0,
    "maxResTime" : 23331.0,
    "pct1ResTime" : 17557.899999999998,
    "pct2ResTime" : 19940.749999999996,
    "pct3ResTime" : 21607.64,
    "throughput" : 3.23202540258562,
    "receivedKBytesPerSec" : 19.332183194176686,
    "sentKBytesPerSec" : 0.0
  },
  "Total" : {
    "transaction" : "Total",
    "sampleCount" : 1303,
    "errorCount" : 0,
    "errorPct" : 0.0,
    "meanResTime" : 5609.732156561783,
    "minResTime" : 48.0,
    "maxResTime" : 34050.0,
    "pct1ResTime" : 17014.2,
    "pct2ResTime" : 18796.8,
    "pct3ResTime" : 22933.600000000002,
    "throughput" : 16.247895754099382,
    "receivedKBytesPerSec" : 21.901400492549413,
    "sentKBytesPerSec" : 0.0
  },
  "GetNewsList(5)" : {
    "transaction" : "GetNewsList(5)",
    "sampleCount" : 228,
    "errorCount" : 0,
    "errorPct" : 0.0,
    "meanResTime" : 1886.6008771929828,
    "minResTime" : 53.0,
    "maxResTime" : 15754.0,
    "pct1ResTime" : 4716.599999999996,
    "pct2ResTime" : 8960.299999999983,
    "pct3ResTime" : 15695.98,
    "throughput" : 3.2396027224029895,
    "receivedKBytesPerSec" : 6.450732374003609,
    "sentKBytesPerSec" : 0.0
  },
  "GetNewsCount" : {
    "transaction" : "GetNewsCount",
    "sampleCount" : 230,
    "errorCount" : 0,
    "errorPct" : 0.0,
    "meanResTime" : 1825.1869565217419,
    "minResTime" : 58.0,
    "maxResTime" : 13870.0,
    "pct1ResTime" : 4686.8,
    "pct2ResTime" : 6457.1499999999905,
    "pct3ResTime" : 11042.8,
    "throughput" : 3.268206039076377,
    "receivedKBytesPerSec" : 1.7681505328596803,
    "sentKBytesPerSec" : 0.0
  },
  "Modify User Info" : {
    "transaction" : "Modify User Info",
    "sampleCount" : 145,
    "errorCount" : 0,
    "errorPct" : 0.0,
    "meanResTime" : 1529.1586206896566,
    "minResTime" : 92.0,
    "maxResTime" : 20145.0,
    "pct1ResTime" : 4220.8,
    "pct2ResTime" : 7203.6999999999925,
    "pct3ResTime" : 18698.759999999977,
    "throughput" : 2.1855123142314534,
    "receivedKBytesPerSec" : 1.1778627856238506,
    "sentKBytesPerSec" : 0.0
  },
  "GetNewsList(10)" : {
    "transaction" : "GetNewsList(10)",
    "sampleCount" : 228,
    "errorCount" : 0,
    "errorPct" : 0.0,
    "meanResTime" : 2520.135964912281,
    "minResTime" : 48.0,
    "maxResTime" : 22477.0,
    "pct1ResTime" : 6458.399999999998,
    "pct2ResTime" : 10467.049999999985,
    "pct3ResTime" : 16442.67000000001,
    "throughput" : 3.2388663967611335,
    "receivedKBytesPerSec" : 11.171558704453442,
    "sentKBytesPerSec" : 0.0
  },
  "Modify User Infomation" : {
    "transaction" : "Modify User Infomation",
    "sampleCount" : 145,
    "errorCount" : 0,
    "errorPct" : 0.0,
    "meanResTime" : 1529.1586206896566,
    "minResTime" : 92.0,
    "maxResTime" : 20145.0,
    "pct1ResTime" : 4220.8,
    "pct2ResTime" : 7203.6999999999925,
    "pct3ResTime" : 18698.759999999977,
    "throughput" : 2.185545255859522,
    "receivedKBytesPerSec" : 1.1778805392267693,
    "sentKBytesPerSec" : 0.0
  },
  "Login" : {
    "transaction" : "Login",
    "sampleCount" : 490,
    "errorCount" : 0,
    "errorPct" : 0.0,
    "meanResTime" : 7477.297959183669,
    "minResTime" : 586.0,
    "maxResTime" : 24700.0,
    "pct1ResTime" : 10008.0,
    "pct2ResTime" : 11454.749999999998,
    "pct3ResTime" : 22056.49999999994,
    "throughput" : 6.17602944327506,
    "receivedKBytesPerSec" : 4.8599305669342945,
    "sentKBytesPerSec" : 0.0
  },
  "Modify Password" : {
    "transaction" : "Modify Password",
    "sampleCount" : 454,
    "errorCount" : 0,
    "errorPct" : 0.0,
    "meanResTime" : 16877.91189427315,
    "minResTime" : 6653.0,
    "maxResTime" : 34050.0,
    "pct1ResTime" : 20492.0,
    "pct2ResTime" : 22908.75,
    "pct3ResTime" : 28370.89999999998,
    "throughput" : 5.721414979017278,
    "receivedKBytesPerSec" : 3.0395017076029287,
    "sentKBytesPerSec" : 0.0
  }
}