{
  "Read News" : {
    "transaction" : "Read News",
    "sampleCount" : 231,
    "errorCount" : 0,
    "errorPct" : 0.0,
    "meanResTime" : 225.021645021645,
    "minResTime" : 115.0,
    "maxResTime" : 2131.0,
    "pct1ResTime" : 256.0,
    "pct2ResTime" : 273.4,
    "pct3ResTime" : 2108.6800000000003,
    "throughput" : 3.144268855404467,
    "receivedKBytesPerSec" : 18.807272206398792,
    "sentKBytesPerSec" : 0.0
  },
  "Total" : {
    "transaction" : "Total",
    "sampleCount" : 1390,
    "errorCount" : 0,
    "errorPct" : 0.0,
    "meanResTime" : 485.82517985611435,
    "minResTime" : 35.0,
    "maxResTime" : 2107.0,
    "pct1ResTime" : 1749.9,
    "pct2ResTime" : 1914.45,
    "pct3ResTime" : 2053.169999999999,
    "throughput" : 18.751096062269827,
    "receivedKBytesPerSec" : 24.52884604034858,
    "sentKBytesPerSec" : 0.0
  },
  "GetNewsList(5)" : {
    "transaction" : "GetNewsList(5)",
    "sampleCount" : 231,
    "errorCount" : 0,
    "errorPct" : 0.0,
    "meanResTime" : 80.4545454545455,
    "minResTime" : 38.0,
    "maxResTime" : 1021.0,
    "pct1ResTime" : 97.0,
    "pct2ResTime" : 105.39999999999998,
    "pct3ResTime" : 1000.6400000000001,
    "throughput" : 3.150959610426812,
    "receivedKBytesPerSec" : 6.274225239902606,
    "sentKBytesPerSec" : 0.0
  },
  "GetNewsCount" : {
    "transaction" : "GetNewsCount",
    "sampleCount" : 232,
    "errorCount" : 0,
    "errorPct" : 0.0,
    "meanResTime" : 70.14655172413791,
    "minResTime" : 35.0,
    "maxResTime" : 560.0,
    "pct1ResTime" : 87.70000000000002,
    "pct2ResTime" : 122.0,
    "pct3ResTime" : 559.3399999999999,
    "throughput" : 3.161452087648534,
    "receivedKBytesPerSec" : 1.7103949771067262,
    "sentKBytesPerSec" : 0.0
  },
  "Modify User Info" : {
    "transaction" : "Modify User Info",
    "sampleCount" : 227,
    "errorCount" : 0,
    "errorPct" : 0.0,
    "meanResTime" : 135.77092511013223,
    "minResTime" : 39.0,
    "maxResTime" : 1443.0,
    "pct1ResTime" : 126.40000000000003,
    "pct2ResTime" : 144.0,
    "pct3ResTime" : 1442.72,
    "throughput" : 3.096313068623573,
    "receivedKBytesPerSec" : 1.6829462160530875,
    "sentKBytesPerSec" : 0.0
  },
  "GetNewsList(10)" : {
    "transaction" : "GetNewsList(10)",
    "sampleCount" : 232,
    "errorCount" : 0,
    "errorPct" : 0.0,
    "meanResTime" : 74.41810344827589,
    "minResTime" : 38.0,
    "maxResTime" : 550.0,
    "pct1ResTime" : 99.70000000000002,
    "pct2ResTime" : 105.0,
    "pct3ResTime" : 548.67,
    "throughput" : 3.1642116748499727,
    "receivedKBytesPerSec" : 10.91405823786143,
    "sentKBytesPerSec" : 0.0
  },
  "Modify User Infomation" : {
    "transaction" : "Modify User Infomation",
    "sampleCount" : 227,
    "errorCount" : 0,
    "errorPct" : 0.0,
    "meanResTime" : 135.77092511013223,
    "minResTime" : 39.0,
    "maxResTime" : 1443.0,
    "pct1ResTime" : 126.40000000000003,
    "pct2ResTime" : 144.0,
    "pct3ResTime" : 1442.72,
    "throughput" : 3.096313068623573,
    "receivedKBytesPerSec" : 1.6829462160530875,
    "sentKBytesPerSec" : 0.0
  },
  "Login" : {
    "transaction" : "Login",
    "sampleCount" : 474,
    "errorCount" : 0,
    "errorPct" : 0.0,
    "meanResTime" : 876.7215189873419,
    "minResTime" : 167.0,
    "maxResTime" : 1855.0,
    "pct1ResTime" : 1029.0,
    "pct2ResTime" : 1048.0,
    "pct3ResTime" : 1798.0,
    "throughput" : 6.3942586572056825,
    "receivedKBytesPerSec" : 5.031610857424219,
    "sentKBytesPerSec" : 0.0
  },
  "Modify Password" : {
    "transaction" : "Modify Password",
    "sampleCount" : 462,
    "errorCount" : 0,
    "errorPct" : 0.0,
    "meanResTime" : 1664.8051948051946,
    "minResTime" : 264.0,
    "maxResTime" : 2107.0,
    "pct1ResTime" : 1989.7,
    "pct2ResTime" : 2065.0,
    "pct3ResTime" : 2079.11,
    "throughput" : 6.282722513089006,
    "receivedKBytesPerSec" : 3.337696335078534,
    "sentKBytesPerSec" : 0.0
  }
}