{
  "Read News" : {
    "transaction" : "Read News",
    "sampleCount" : 258,
    "errorCount" : 0,
    "errorPct" : 0.0,
    "meanResTime" : 538.4224806201549,
    "minResTime" : 182.0,
    "maxResTime" : 2042.0,
    "pct1ResTime" : 1000.4999999999999,
    "pct2ResTime" : 1162.35,
    "pct3ResTime" : 1444.4600000000078,
    "throughput" : 3.4692340791738383,
    "receivedKBytesPerSec" : 20.75103392083961,
    "sentKBytesPerSec" : 0.0
  },
  "Total" : {
    "transaction" : "Total",
    "sampleCount" : 1515,
    "errorCount" : 0,
    "errorPct" : 0.0,
    "meanResTime" : 2326.1907590759047,
    "minResTime" : 40.0,
    "maxResTime" : 10814.0,
    "pct1ResTime" : 9404.800000000001,
    "pct2ResTime" : 9706.2,
    "pct3ResTime" : 10179.52,
    "throughput" : 19.49405527819239,
    "receivedKBytesPerSec" : 25.82863054663776,
    "sentKBytesPerSec" : 0.0
  },
  "GetNewsList(5)" : {
    "transaction" : "GetNewsList(5)",
    "sampleCount" : 258,
    "errorCount" : 0,
    "errorPct" : 0.0,
    "meanResTime" : 150.57751937984497,
    "minResTime" : 46.0,
    "maxResTime" : 986.0,
    "pct1ResTime" : 335.0999999999999,
    "pct2ResTime" : 488.7999999999997,
    "pct3ResTime" : 863.4400000000046,
    "throughput" : 3.473016813170541,
    "receivedKBytesPerSec" : 6.915509064506575,
    "sentKBytesPerSec" : 0.0
  },
  "GetNewsCount" : {
    "transaction" : "GetNewsCount",
    "sampleCount" : 258,
    "errorCount" : 0,
    "errorPct" : 0.0,
    "meanResTime" : 220.64728682170542,
    "minResTime" : 40.0,
    "maxResTime" : 1084.0,
    "pct1ResTime" : 512.6999999999999,
    "pct2ResTime" : 673.1999999999996,
    "pct3ResTime" : 1018.5300000000009,
    "throughput" : 3.4773701377469877,
    "receivedKBytesPerSec" : 1.8813115784295225,
    "sentKBytesPerSec" : 0.0
  },
  "Modify User Info" : {
    "transaction" : "Modify User Info",
    "sampleCount" : 217,
    "errorCount" : 0,
    "errorPct" : 0.0,
    "meanResTime" : 169.80645161290317,
    "minResTime" : 65.0,
    "maxResTime" : 789.0,
    "pct1ResTime" : 278.6,
    "pct2ResTime" : 419.29999999999995,
    "pct3ResTime" : 724.3199999999995,
    "throughput" : 3.131584264149854,
    "receivedKBytesPerSec" : 1.6958426234594626,
    "sentKBytesPerSec" : 0.0
  },
  "GetNewsList(10)" : {
    "transaction" : "GetNewsList(10)",
    "sampleCount" : 258,
    "errorCount" : 0,
    "errorPct" : 0.0,
    "meanResTime" : 167.1976744186046,
    "minResTime" : 42.0,
    "maxResTime" : 1014.0,
    "pct1ResTime" : 404.59999999999997,
    "pct2ResTime" : 496.3499999999999,
    "pct3ResTime" : 925.7000000000018,
    "throughput" : 3.4746070865823606,
    "receivedKBytesPerSec" : 11.98467991192275,
    "sentKBytesPerSec" : 0.0
  },
  "Modify User Infomation" : {
    "transaction" : "Modify User Infomation",
    "sampleCount" : 217,
    "errorCount" : 0,
    "errorPct" : 0.0,
    "meanResTime" : 169.8064516129032,
    "minResTime" : 65.0,
    "maxResTime" : 789.0,
    "pct1ResTime" : 278.6,
    "pct2ResTime" : 419.29999999999995,
    "pct3ResTime" : 724.3199999999995,
    "throughput" : 3.131584264149854,
    "receivedKBytesPerSec" : 1.6958426234594626,
    "sentKBytesPerSec" : 0.0
  },
  "Login" : {
    "transaction" : "Login",
    "sampleCount" : 534,
    "errorCount" : 0,
    "errorPct" : 0.0,
    "meanResTime" : 4087.8464419475654,
    "minResTime" : 162.0,
    "maxResTime" : 5382.0,
    "pct1ResTime" : 4884.0,
    "pct2ResTime" : 4980.0,
    "pct3ResTime" : 5193.0,
    "throughput" : 7.19124122978305,
    "receivedKBytesPerSec" : 5.6571634239869635,
    "sentKBytesPerSec" : 0.0
  },
  "Modify Password" : {
    "transaction" : "Modify Password",
    "sampleCount" : 514,
    "errorCount" : 0,
    "errorPct" : 0.0,
    "meanResTime" : 8781.957198443577,
    "minResTime" : 387.0,
    "maxResTime" : 10814.0,
    "pct1ResTime" : 10036.0,
    "pct2ResTime" : 10253.0,
    "pct3ResTime" : 10594.0,
    "throughput" : 6.6437453144792284,
    "receivedKBytesPerSec" : 3.5294896983170903,
    "sentKBytesPerSec" : 0.0
  }
}