{
  "Read News" : {
    "transaction" : "Read News",
    "sampleCount" : 332,
    "errorCount" : 0,
    "errorPct" : 0.0,
    "meanResTime" : 34431.84638554216,
    "minResTime" : 7418.0,
    "maxResTime" : 60703.0,
    "pct1ResTime" : 50894.5,
    "pct2ResTime" : 52545.29999999998,
    "pct3ResTime" : 58795.47000000001,
    "throughput" : 4.451356859380028,
    "receivedKBytesPerSec" : 30.13599546735895,
    "sentKBytesPerSec" : 0.0
  },
  "Total" : {
    "transaction" : "Total",
    "sampleCount" : 1554,
    "errorCount" : 0,
    "errorPct" : 0.0,
    "meanResTime" : 9354.37773487773,
    "minResTime" : 103.0,
    "maxResTime" : 44766.0,
    "pct1ResTime" : 18794.5,
    "pct2ResTime" : 21449.25,
    "pct3ResTime" : 29071.0,
    "throughput" : 19.425728464817432,
    "receivedKBytesPerSec" : 30.520224098247436,
    "sentKBytesPerSec" : 0.0
  },
  "GetNewsList(5)" : {
    "transaction" : "GetNewsList(5)",
    "sampleCount" : 332,
    "errorCount" : 0,
    "errorPct" : 0.0,
    "meanResTime" : 6396.006024096377,
    "minResTime" : 110.0,
    "maxResTime" : 29460.0,
    "pct1ResTime" : 15878.099999999997,
    "pct2ResTime" : 17830.149999999998,
    "pct3ResTime" : 26857.75,
    "throughput" : 4.690325497287522,
    "receivedKBytesPerSec" : 9.339427430634041,
    "sentKBytesPerSec" : 0.0
  },
  "GetNewsCount" : {
    "transaction" : "GetNewsCount",
    "sampleCount" : 355,
    "errorCount" : 0,
    "errorPct" : 0.0,
    "meanResTime" : 7485.557746478874,
    "minResTime" : 111.0,
    "maxResTime" : 29834.0,
    "pct1ResTime" : 17470.600000000013,
    "pct2ResTime" : 20036.4,
    "pct3ResTime" : 26783.559999999998,
    "throughput" : 4.847011919553256,
    "receivedKBytesPerSec" : 2.622309183039554,
    "sentKBytesPerSec" : 0.0
  },
  "GetNewsList(10)" : {
    "transaction" : "GetNewsList(10)",
    "sampleCount" : 340,
    "errorCount" : 0,
    "errorPct" : 0.0,
    "meanResTime" : 8281.852941176465,
    "minResTime" : 103.0,
    "maxResTime" : 35755.0,
    "pct1ResTime" : 19901.700000000004,
    "pct2ResTime" : 23895.649999999998,
    "pct3ResTime" : 32743.1999999999,
    "throughput" : 4.6638592063209,
    "receivedKBytesPerSec" : 16.08667062180217,
    "sentKBytesPerSec" : 0.0
  },
  "Login" : {
    "transaction" : "Login",
    "sampleCount" : 527,
    "errorCount" : 0,
    "errorPct" : 0.0,
    "meanResTime" : 13168.929791271348,
    "minResTime" : 1332.0,
    "maxResTime" : 44766.0,
    "pct1ResTime" : 20131.0,
    "pct2ResTime" : 22632.399999999998,
    "pct3ResTime" : 30045.240000000023,
    "throughput" : 6.587747040514019,
    "receivedKBytesPerSec" : 5.195812518750703,
    "sentKBytesPerSec" : 0.0
  }
}