{
  "Modify User Info" : {
    "transaction" : "Modify User Info",
    "sampleCount" : 50,
    "errorCount" : 0,
    "errorPct" : 0.0,
    "meanResTime" : 2809.98,
    "minResTime" : 396.0,
    "maxResTime" : 7138.0,
    "pct1ResTime" : 5920.7,
    "pct2ResTime" : 6510.25,
    "pct3ResTime" : 7138.0,
    "throughput" : 0.7958741882083281,
    "receivedKBytesPerSec" : 0.42280816248567427,
    "sentKBytesPerSec" : 0.0
  },
  "Login" : {
    "transaction" : "Login",
    "sampleCount" : 295,
    "errorCount" : 0,
    "errorPct" : 0.0,
    "meanResTime" : 2331.7152542372887,
    "minResTime" : 395.0,
    "maxResTime" : 7748.0,
    "pct1ResTime" : 4573.4,
    "pct2ResTime" : 5909.6,
    "pct3ResTime" : 6861.920000000019,
    "throughput" : 3.755952229380459,
    "receivedKBytesPerSec" : 2.9563203445290416,
    "sentKBytesPerSec" : 0.0
  },
  "Get Stadium Items" : {
    "transaction" : "Get Stadium Items",
    "sampleCount" : 143,
    "errorCount" : 0,
    "errorPct" : 0.0,
    "meanResTime" : 3338.8251748251737,
    "minResTime" : 49.0,
    "maxResTime" : 9976.0,
    "pct1ResTime" : 6607.599999999999,
    "pct2ResTime" : 7346.4,
    "pct3ResTime" : 9815.84,
    "throughput" : 1.8125126749138107,
    "receivedKBytesPerSec" : 4.219756071283715,
    "sentKBytesPerSec" : 0.0
  },
  "Get Stadium Idle Time" : {
    "transaction" : "Get Stadium Idle Time",
    "sampleCount" : 56,
    "errorCount" : 0,
    "errorPct" : 0.0,
    "meanResTime" : 3472.553571428571,
    "minResTime" : 210.0,
    "maxResTime" : 7542.0,
    "pct1ResTime" : 6665.800000000001,
    "pct2ResTime" : 7069.9,
    "pct3ResTime" : 7542.0,
    "throughput" : 0.8295681801348048,
    "receivedKBytesPerSec" : 0.455608612325013,
    "sentKBytesPerSec" : 0.0
  },
  "Stadium Booking" : {
    "transaction" : "Stadium Booking",
    "sampleCount" : 52,
    "errorCount" : 0,
    "errorPct" : 0.0,
    "meanResTime" : 11112.903846153848,
    "minResTime" : 2592.0,
    "maxResTime" : 19365.0,
    "pct1ResTime" : 16797.1,
    "pct2ResTime" : 17558.0,
    "pct3ResTime" : 19365.0,
    "throughput" : 0.7409940720474236,
    "receivedKBytesPerSec" : 2.6961229622663017,
    "sentKBytesPerSec" : 0.0
  },
  "Read News" : {
    "transaction" : "Read News",
    "sampleCount" : 91,
    "errorCount" : 0,
    "errorPct" : 0.0,
    "meanResTime" : 8164.8571428571395,
    "minResTime" : 903.0,
    "maxResTime" : 21418.0,
    "pct1ResTime" : 13046.599999999999,
    "pct2ResTime" : 19253.8,
    "pct3ResTime" : 21418.0,
    "throughput" : 1.3033701427978057,
    "receivedKBytesPerSec" : 8.821764244868875,
    "sentKBytesPerSec" : 0.0
  },
  "Total" : {
    "transaction" : "Total",
    "sampleCount" : 957,
    "errorCount" : 0,
    "errorPct" : 0.0,
    "meanResTime" : 3840.9070010449263,
    "minResTime" : 40.0,
    "maxResTime" : 77444.0,
    "pct1ResTime" : 7441.400000000004,
    "pct2ResTime" : 12952.799999999985,
    "pct3ResTime" : 21623.479999999974,
    "throughput" : 8.457874130571193,
    "receivedKBytesPerSec" : 25.210078013835737,
    "sentKBytesPerSec" : 0.0
  },
  "GetNewsList(5)" : {
    "transaction" : "GetNewsList(5)",
    "sampleCount" : 91,
    "errorCount" : 0,
    "errorPct" : 0.0,
    "meanResTime" : 2477.186813186813,
    "minResTime" : 72.0,
    "maxResTime" : 9318.0,
    "pct1ResTime" : 5003.6,
    "pct2ResTime" : 5792.7999999999965,
    "pct3ResTime" : 9318.0,
    "throughput" : 1.3189361547938256,
    "receivedKBytesPerSec" : 2.6262800972896585,
    "sentKBytesPerSec" : 0.0
  },
  "Read Stadium Comments" : {
    "transaction" : "Read Stadium Comments",
    "sampleCount" : 85,
    "errorCount" : 0,
    "errorPct" : 0.0,
    "meanResTime" : 15204.847058823532,
    "minResTime" : 7110.0,
    "maxResTime" : 77444.0,
    "pct1ResTime" : 22396.400000000005,
    "pct2ResTime" : 25266.600000000006,
    "pct3ResTime" : 77444.0,
    "throughput" : 0.7612735658949442,
    "receivedKBytesPerSec" : 14.73073970881286,
    "sentKBytesPerSec" : 0.0
  },
  "GetNewsCount" : {
    "transaction" : "GetNewsCount",
    "sampleCount" : 92,
    "errorCount" : 0,
    "errorPct" : 0.0,
    "meanResTime" : 1355.5978260869565,
    "minResTime" : 53.0,
    "maxResTime" : 6905.0,
    "pct1ResTime" : 2329.1,
    "pct2ResTime" : 5718.45,
    "pct3ResTime" : 6905.0,
    "throughput" : 1.3187128216154231,
    "receivedKBytesPerSec" : 0.7134442413817816,
    "sentKBytesPerSec" : 0.0
  },
  "Read Stadium Msg" : {
    "transaction" : "Read Stadium Msg",
    "sampleCount" : 85,
    "errorCount" : 0,
    "errorPct" : 0.0,
    "meanResTime" : 20919.741176470594,
    "minResTime" : 7292.0,
    "maxResTime" : 89448.0,
    "pct1ResTime" : 30733.4,
    "pct2ResTime" : 31870.600000000002,
    "pct3ResTime" : 89448.0,
    "throughput" : 0.7600346933483553,
    "receivedKBytesPerSec" : 17.049139456306946,
    "sentKBytesPerSec" : 0.0
  },
  "GetNewsList(10)" : {
    "transaction" : "GetNewsList(10)",
    "sampleCount" : 92,
    "errorCount" : 0,
    "errorPct" : 0.0,
    "meanResTime" : 2447.532608695653,
    "minResTime" : 70.0,
    "maxResTime" : 9343.0,
    "pct1ResTime" : 4696.4,
    "pct2ResTime" : 5837.699999999993,
    "pct3ResTime" : 9343.0,
    "throughput" : 1.2058457303886232,
    "receivedKBytesPerSec" : 4.159225702863884,
    "sentKBytesPerSec" : 0.0
  },
  "Read Stadium Message" : {
    "transaction" : "Read Stadium Message",
    "sampleCount" : 152,
    "errorCount" : 0,
    "errorPct" : 0.0,
    "meanResTime" : 3574.177631578947,
    "minResTime" : 40.0,
    "maxResTime" : 13246.0,
    "pct1ResTime" : 6827.8,
    "pct2ResTime" : 7145.2,
    "pct3ResTime" : 10159.279999999993,
    "throughput" : 2.0032420891706315,
    "receivedKBytesPerSec" : 1.514581164252672,
    "sentKBytesPerSec" : 0.0
  },
  "Modify User Infomation" : {
    "transaction" : "Modify User Infomation",
    "sampleCount" : 50,
    "errorCount" : 0,
    "errorPct" : 0.0,
    "meanResTime" : 2809.98,
    "minResTime" : 396.0,
    "maxResTime" : 7138.0,
    "pct1ResTime" : 5920.7,
    "pct2ResTime" : 6510.25,
    "pct3ResTime" : 7138.0,
    "throughput" : 0.7958741882083281,
    "receivedKBytesPerSec" : 0.42280816248567427,
    "sentKBytesPerSec" : 0.0
  }
}