{
  "Read News" : {
    "transaction" : "Read News",
    "sampleCount" : 51,
    "errorCount" : 0,
    "errorPct" : 0.0,
    "meanResTime" : 130.37254901960785,
    "minResTime" : 115.0,
    "maxResTime" : 187.0,
    "pct1ResTime" : 140.8,
    "pct2ResTime" : 159.19999999999996,
    "pct3ResTime" : 187.0,
    "throughput" : 1.6803400217455766,
    "receivedKBytesPerSec" : 10.050861946476228,
    "sentKBytesPerSec" : 0.0
  },
  "Total" : {
    "transaction" : "Total",
    "sampleCount" : 307,
    "errorCount" : 0,
    "errorPct" : 0.0,
    "meanResTime" : 216.2638436482085,
    "minResTime" : 35.0,
    "maxResTime" : 35936.0,
    "pct1ResTime" : 245.2,
    "pct2ResTime" : 256.19999999999993,
    "pct3ResTime" : 314.6000000000001,
    "throughput" : 4.598424253317756,
    "receivedKBytesPerSec" : 5.993085161656332,
    "sentKBytesPerSec" : 0.0
  },
  "GetNewsList(5)" : {
    "transaction" : "GetNewsList(5)",
    "sampleCount" : 51,
    "errorCount" : 0,
    "errorPct" : 0.0,
    "meanResTime" : 44.196078431372555,
    "minResTime" : 39.0,
    "maxResTime" : 66.0,
    "pct1ResTime" : 48.0,
    "pct2ResTime" : 49.4,
    "pct3ResTime" : 66.0,
    "throughput" : 1.684725158562368,
    "receivedKBytesPerSec" : 3.3546431624108086,
    "sentKBytesPerSec" : 0.0
  },
  "GetNewsCount" : {
    "transaction" : "GetNewsCount",
    "sampleCount" : 51,
    "errorCount" : 0,
    "errorPct" : 0.0,
    "meanResTime" : 41.058823529411754,
    "minResTime" : 35.0,
    "maxResTime" : 90.0,
    "pct1ResTime" : 45.0,
    "pct2ResTime" : 45.4,
    "pct3ResTime" : 90.0,
    "throughput" : 1.6855046599246482,
    "receivedKBytesPerSec" : 0.911884357029546,
    "sentKBytesPerSec" : 0.0
  },
  "Modify User Info" : {
    "transaction" : "Modify User Info",
    "sampleCount" : 51,
    "errorCount" : 0,
    "errorPct" : 0.0,
    "meanResTime" : 43.45098039215687,
    "minResTime" : 38.0,
    "maxResTime" : 56.0,
    "pct1ResTime" : 47.800000000000004,
    "pct2ResTime" : 50.0,
    "pct3ResTime" : 56.0,
    "throughput" : 1.6835572574522166,
    "receivedKBytesPerSec" : 0.8943897930214901,
    "sentKBytesPerSec" : 0.0
  },
  "GetNewsList(10)" : {
    "transaction" : "GetNewsList(10)",
    "sampleCount" : 51,
    "errorCount" : 0,
    "errorPct" : 0.0,
    "meanResTime" : 45.11764705882354,
    "minResTime" : 39.0,
    "maxResTime" : 108.0,
    "pct1ResTime" : 48.0,
    "pct2ResTime" : 49.4,
    "pct3ResTime" : 108.0,
    "throughput" : 1.685114819097968,
    "receivedKBytesPerSec" : 5.812329629935569,
    "sentKBytesPerSec" : 0.0
  },
  "Modify User Infomation" : {
    "transaction" : "Modify User Infomation",
    "sampleCount" : 51,
    "errorCount" : 0,
    "errorPct" : 0.0,
    "meanResTime" : 43.45098039215687,
    "minResTime" : 38.0,
    "maxResTime" : 56.0,
    "pct1ResTime" : 47.800000000000004,
    "pct2ResTime" : 50.0,
    "pct3ResTime" : 56.0,
    "throughput" : 1.6836128350719661,
    "receivedKBytesPerSec" : 0.894419318631982,
    "sentKBytesPerSec" : 0.0
  },
  "Login" : {
    "transaction" : "Login",
    "sampleCount" : 104,
    "errorCount" : 0,
    "errorPct" : 0.0,
    "meanResTime" : 858.8461538461538,
    "minResTime" : 157.0,
    "maxResTime" : 35936.0,
    "pct1ResTime" : 184.0,
    "pct2ResTime" : 188.0,
    "pct3ResTime" : 35936.0,
    "throughput" : 1.557772385488751,
    "receivedKBytesPerSec" : 1.2243234362361823,
    "sentKBytesPerSec" : 0.0
  },
  "Modify Password" : {
    "transaction" : "Modify Password",
    "sampleCount" : 102,
    "errorCount" : 0,
    "errorPct" : 0.0,
    "meanResTime" : 252.3137254901961,
    "minResTime" : 229.0,
    "maxResTime" : 333.0,
    "pct1ResTime" : 285.1,
    "pct2ResTime" : 310.0,
    "pct3ResTime" : 333.0,
    "throughput" : 3.3467861009941924,
    "receivedKBytesPerSec" : 1.7779801161531648,
    "sentKBytesPerSec" : 0.0
  }
}