{
  "Read News" : {
    "transaction" : "Read News",
    "sampleCount" : 563,
    "errorCount" : 0,
    "errorPct" : 0.0,
    "meanResTime" : 1182.3712255772639,
    "minResTime" : 314.0,
    "maxResTime" : 3311.0,
    "pct1ResTime" : 1439.6,
    "pct2ResTime" : 1554.3999999999985,
    "pct3ResTime" : 2761.1200000000003,
    "throughput" : 7.651535743408536,
    "receivedKBytesPerSec" : 51.802645717246534,
    "sentKBytesPerSec" : 0.0
  },
  "Total" : {
    "transaction" : "Total",
    "sampleCount" : 2263,
    "errorCount" : 0,
    "errorPct" : 0.0,
    "meanResTime" : 296.9076447193991,
    "minResTime" : 34.0,
    "maxResTime" : 1531.0,
    "pct1ResTime" : 1001.0,
    "pct2ResTime" : 1047.0,
    "pct3ResTime" : 1279.3600000000001,
    "throughput" : 30.571166108289205,
    "receivedKBytesPerSec" : 51.638261957270615,
    "sentKBytesPerSec" : 0.0
  },
  "GetNewsList(5)" : {
    "transaction" : "GetNewsList(5)",
    "sampleCount" : 563,
    "errorCount" : 0,
    "errorPct" : 0.0,
    "meanResTime" : 100.3179396092362,
    "minResTime" : 38.0,
    "maxResTime" : 1306.0,
    "pct1ResTime" : 256.0,
    "pct2ResTime" : 403.99999999999636,
    "pct3ResTime" : 751.0,
    "throughput" : 7.679402016013531,
    "receivedKBytesPerSec" : 15.291309287745692,
    "sentKBytesPerSec" : 0.0
  },
  "GetNewsCount" : {
    "transaction" : "GetNewsCount",
    "sampleCount" : 565,
    "errorCount" : 0,
    "errorPct" : 0.0,
    "meanResTime" : 67.1964601769911,
    "minResTime" : 34.0,
    "maxResTime" : 550.0,
    "pct1ResTime" : 95.0,
    "pct2ResTime" : 146.0,
    "pct3ResTime" : 381.0,
    "throughput" : 7.651679306608884,
    "receivedKBytesPerSec" : 4.139678062364572,
    "sentKBytesPerSec" : 0.0
  },
  "GetNewsList(10)" : {
    "transaction" : "GetNewsList(10)",
    "sampleCount" : 564,
    "errorCount" : 0,
    "errorPct" : 0.0,
    "meanResTime" : 83.79255319148938,
    "minResTime" : 38.0,
    "maxResTime" : 961.0,
    "pct1ResTime" : 107.0,
    "pct2ResTime" : 271.75,
    "pct3ResTime" : 961.0,
    "throughput" : 7.692832298983837,
    "receivedKBytesPerSec" : 26.534261406260658,
    "sentKBytesPerSec" : 0.0
  },
  "Login" : {
    "transaction" : "Login",
    "sampleCount" : 571,
    "errorCount" : 0,
    "errorPct" : 0.0,
    "meanResTime" : 928.5429071803852,
    "minResTime" : 163.0,
    "maxResTime" : 1531.0,
    "pct1ResTime" : 1089.8000000000002,
    "pct2ResTime" : 1273.4,
    "pct3ResTime" : 1315.12,
    "throughput" : 7.719136970745687,
    "receivedKBytesPerSec" : 6.088597607033743,
    "sentKBytesPerSec" : 0.0
  }
}