{
  "Stadium Booking" : {
    "transaction" : "Stadium Booking",
    "sampleCount" : 625,
    "errorCount" : 0,
    "errorPct" : 0.0,
    "meanResTime" : 1084.952000000001,
    "minResTime" : 120.0,
    "maxResTime" : 9416.0,
    "pct1ResTime" : 1948.3999999999996,
    "pct2ResTime" : 3518.299999999998,
    "pct3ResTime" : 8375.240000000009,
    "throughput" : 8.388023244890016,
    "receivedKBytesPerSec" : 30.461840365852023,
    "sentKBytesPerSec" : 0.0
  },
  "Total" : {
    "transaction" : "Total",
    "sampleCount" : 2560,
    "errorCount" : 0,
    "errorPct" : 0.0,
    "meanResTime" : 1334.0433593749992,
    "minResTime" : 36.0,
    "maxResTime" : 13490.0,
    "pct1ResTime" : 4399.5,
    "pct2ResTime" : 4724.95,
    "pct3ResTime" : 5686.78,
    "throughput" : 34.17890520694259,
    "receivedKBytesPerSec" : 37.50400273281041,
    "sentKBytesPerSec" : 0.0
  },
  "Read Stadium Message" : {
    "transaction" : "Read Stadium Message",
    "sampleCount" : 633,
    "errorCount" : 0,
    "errorPct" : 0.0,
    "meanResTime" : 396.4881516587677,
    "minResTime" : 39.0,
    "maxResTime" : 8979.0,
    "pct1ResTime" : 610.6,
    "pct2ResTime" : 1050.1999999999994,
    "pct3ResTime" : 3310.159999999988,
    "throughput" : 8.5015512309118,
    "receivedKBytesPerSec" : 6.413412271512417,
    "sentKBytesPerSec" : 0.0
  },
  "Login" : {
    "transaction" : "Login",
    "sampleCount" : 1348,
    "errorCount" : 0,
    "errorPct" : 0.0,
    "meanResTime" : 4057.5445103857514,
    "minResTime" : 164.0,
    "maxResTime" : 13490.0,
    "pct1ResTime" : 4895.1,
    "pct2ResTime" : 5207.0,
    "pct3ResTime" : 11161.0,
    "throughput" : 17.997089491462063,
    "receivedKBytesPerSec" : 14.19423117682007,
    "sentKBytesPerSec" : 0.0
  },
  "Get Stadium Items" : {
    "transaction" : "Get Stadium Items",
    "sampleCount" : 625,
    "errorCount" : 0,
    "errorPct" : 0.0,
    "meanResTime" : 388.13600000000037,
    "minResTime" : 36.0,
    "maxResTime" : 7278.0,
    "pct1ResTime" : 823.3999999999999,
    "pct2ResTime" : 1411.6999999999994,
    "pct3ResTime" : 4650.8000000000075,
    "throughput" : 8.396587626788472,
    "receivedKBytesPerSec" : 19.548305568616914,
    "sentKBytesPerSec" : 0.0
  },
  "Get Stadium Idle Time" : {
    "transaction" : "Get Stadium Idle Time",
    "sampleCount" : 628,
    "errorCount" : 0,
    "errorPct" : 0.0,
    "meanResTime" : 297.45859872611493,
    "minResTime" : 36.0,
    "maxResTime" : 8630.0,
    "pct1ResTime" : 657.0,
    "pct2ResTime" : 928.5999999999995,
    "pct3ResTime" : 2286.0500000000093,
    "throughput" : 8.436664561978585,
    "receivedKBytesPerSec" : 4.633007610462539,
    "sentKBytesPerSec" : 0.0
  }
}