{
  "Read News" : {
    "transaction" : "Read News",
    "sampleCount" : 243,
    "errorCount" : 0,
    "errorPct" : 0.0,
    "meanResTime" : 11908.790123456796,
    "minResTime" : 287.0,
    "maxResTime" : 30295.0,
    "pct1ResTime" : 18364.0,
    "pct2ResTime" : 21158.199999999997,
    "pct3ResTime" : 26482.200000000004,
    "throughput" : 3.6409403515080685,
    "receivedKBytesPerSec" : 21.778085598620038,
    "sentKBytesPerSec" : 0.0
  },
  "Total" : {
    "transaction" : "Total",
    "sampleCount" : 1552,
    "errorCount" : 0,
    "errorPct" : 0.0,
    "meanResTime" : 9999.615335051545,
    "minResTime" : 67.0,
    "maxResTime" : 42457.0,
    "pct1ResTime" : 31667.9,
    "pct2ResTime" : 35810.85,
    "pct3ResTime" : 38913.78,
    "throughput" : 18.018436389811225,
    "receivedKBytesPerSec" : 23.124839911504168,
    "sentKBytesPerSec" : 0.0
  },
  "GetNewsList(5)" : {
    "transaction" : "GetNewsList(5)",
    "sampleCount" : 243,
    "errorCount" : 0,
    "errorPct" : 0.0,
    "meanResTime" : 3513.555555555555,
    "minResTime" : 67.0,
    "maxResTime" : 20434.0,
    "pct1ResTime" : 5782.8,
    "pct2ResTime" : 7581.799999999998,
    "pct3ResTime" : 14492.360000000015,
    "throughput" : 3.6513350663401,
    "receivedKBytesPerSec" : 7.270578320573695,
    "sentKBytesPerSec" : 0.0
  },
  "GetNewsCount" : {
    "transaction" : "GetNewsCount",
    "sampleCount" : 243,
    "errorCount" : 0,
    "errorPct" : 0.0,
    "meanResTime" : 3507.4526748971175,
    "minResTime" : 96.0,
    "maxResTime" : 11330.0,
    "pct1ResTime" : 6298.799999999999,
    "pct2ResTime" : 6861.0,
    "pct3ResTime" : 9555.44,
    "throughput" : 3.7717691615186415,
    "receivedKBytesPerSec" : 2.040586050274734,
    "sentKBytesPerSec" : 0.0
  },
  "Modify User Info" : {
    "transaction" : "Modify User Info",
    "sampleCount" : 191,
    "errorCount" : 0,
    "errorPct" : 0.0,
    "meanResTime" : 1159.1047120418837,
    "minResTime" : 79.0,
    "maxResTime" : 7102.0,
    "pct1ResTime" : 2951.2000000000016,
    "pct2ResTime" : 4088.5999999999995,
    "pct3ResTime" : 7051.399999999999,
    "throughput" : 3.938387941522156,
    "receivedKBytesPerSec" : 2.1267625123718994,
    "sentKBytesPerSec" : 0.0
  },
  "GetNewsList(10)" : {
    "transaction" : "GetNewsList(10)",
    "sampleCount" : 243,
    "errorCount" : 0,
    "errorPct" : 0.0,
    "meanResTime" : 4887.781893004111,
    "minResTime" : 72.0,
    "maxResTime" : 25377.0,
    "pct1ResTime" : 8419.6,
    "pct2ResTime" : 11819.599999999999,
    "pct3ResTime" : 21743.72000000001,
    "throughput" : 3.77253038982814,
    "receivedKBytesPerSec" : 13.01228255554003,
    "sentKBytesPerSec" : 0.0
  },
  "Modify User Infomation" : {
    "transaction" : "Modify User Infomation",
    "sampleCount" : 191,
    "errorCount" : 0,
    "errorPct" : 0.0,
    "meanResTime" : 1159.1047120418837,
    "minResTime" : 79.0,
    "maxResTime" : 7102.0,
    "pct1ResTime" : 2951.2000000000016,
    "pct2ResTime" : 4088.5999999999995,
    "pct3ResTime" : 7051.399999999999,
    "throughput" : 3.938387941522156,
    "receivedKBytesPerSec" : 2.1267625123718994,
    "sentKBytesPerSec" : 0.0
  },
  "Login" : {
    "transaction" : "Login",
    "sampleCount" : 778,
    "errorCount" : 0,
    "errorPct" : 0.0,
    "meanResTime" : 12854.961439588686,
    "minResTime" : 3727.0,
    "maxResTime" : 21839.0,
    "pct1ResTime" : 17053.0,
    "pct2ResTime" : 17859.799999999996,
    "pct3ResTime" : 19253.0,
    "throughput" : 9.11071035435745,
    "receivedKBytesPerSec" : 7.169318650900531,
    "sentKBytesPerSec" : 0.0
  },
  "Modify Password" : {
    "transaction" : "Modify Password",
    "sampleCount" : 486,
    "errorCount" : 0,
    "errorPct" : 0.0,
    "meanResTime" : 30467.48148148151,
    "minResTime" : 10328.0,
    "maxResTime" : 42457.0,
    "pct1ResTime" : 38212.5,
    "pct2ResTime" : 39131.95,
    "pct3ResTime" : 40963.63,
    "throughput" : 5.919033468115165,
    "receivedKBytesPerSec" : 3.1444865299361813,
    "sentKBytesPerSec" : 0.0
  }
}