{
  "Total" : {
    "transaction" : "Total",
    "sampleCount" : 355,
    "errorCount" : 0,
    "errorPct" : 0.0,
    "meanResTime" : 182.54647887323952,
    "minResTime" : 38.0,
    "maxResTime" : 950.0,
    "pct1ResTime" : 339.40000000000003,
    "pct2ResTime" : 365.99999999999994,
    "pct3ResTime" : 491.87999999999994,
    "throughput" : 5.449382147517078,
    "receivedKBytesPerSec" : 3.380769581318597,
    "sentKBytesPerSec" : 0.0
  },
  "Modify User Info" : {
    "transaction" : "Modify User Info",
    "sampleCount" : 118,
    "errorCount" : 0,
    "errorPct" : 0.0,
    "meanResTime" : 54.28813559322031,
    "minResTime" : 38.0,
    "maxResTime" : 243.0,
    "pct1ResTime" : 72.40000000000003,
    "pct2ResTime" : 87.29999999999998,
    "pct3ResTime" : 220.20000000000027,
    "throughput" : 1.8312176045190727,
    "receivedKBytesPerSec" : 0.9901414441013067,
    "sentKBytesPerSec" : 0.0
  },
  "Modify User Infomation" : {
    "transaction" : "Modify User Infomation",
    "sampleCount" : 118,
    "errorCount" : 0,
    "errorPct" : 0.0,
    "meanResTime" : 54.28813559322031,
    "minResTime" : 38.0,
    "maxResTime" : 243.0,
    "pct1ResTime" : 72.40000000000003,
    "pct2ResTime" : 87.29999999999998,
    "pct3ResTime" : 220.20000000000027,
    "throughput" : 1.8312176045190727,
    "receivedKBytesPerSec" : 0.9901414441013067,
    "sentKBytesPerSec" : 0.0
  },
  "Login" : {
    "transaction" : "Login",
    "sampleCount" : 238,
    "errorCount" : 0,
    "errorPct" : 0.0,
    "meanResTime" : 197.38655462184875,
    "minResTime" : 160.0,
    "maxResTime" : 950.0,
    "pct1ResTime" : 228.0,
    "pct2ResTime" : 370.0,
    "pct3ResTime" : 739.009999999992,
    "throughput" : 3.6533325146593807,
    "receivedKBytesPerSec" : 2.8781506155404784,
    "sentKBytesPerSec" : 0.0
  },
  "Modify Password" : {
    "transaction" : "Modify Password",
    "sampleCount" : 236,
    "errorCount" : 0,
    "errorPct" : 0.0,
    "meanResTime" : 295.83898305084756,
    "minResTime" : 229.0,
    "maxResTime" : 530.0,
    "pct1ResTime" : 365.0,
    "pct2ResTime" : 415.0,
    "pct3ResTime" : 521.4899999999999,
    "throughput" : 3.650086612224697,
    "receivedKBytesPerSec" : 1.9391085127443701,
    "sentKBytesPerSec" : 0.0
  }
}