{
  "Read News" : {
    "transaction" : "Read News",
    "sampleCount" : 672,
    "errorCount" : 0,
    "errorPct" : 0.0,
    "meanResTime" : 1984.0252976190482,
    "minResTime" : 392.0,
    "maxResTime" : 3809.0,
    "pct1ResTime" : 2360.5,
    "pct2ResTime" : 2505.75,
    "pct3ResTime" : 3133.9799999999987,
    "throughput" : 9.049164433551933,
    "receivedKBytesPerSec" : 61.26476896099568,
    "sentKBytesPerSec" : 0.0
  },
  "Total" : {
    "transaction" : "Total",
    "sampleCount" : 2713,
    "errorCount" : 0,
    "errorPct" : 0.0,
    "meanResTime" : 498.6697382970875,
    "minResTime" : 35.0,
    "maxResTime" : 3140.0,
    "pct1ResTime" : 1703.0,
    "pct2ResTime" : 1832.0,
    "pct3ResTime" : 2007.0,
    "throughput" : 36.32055264003427,
    "receivedKBytesPerSec" : 61.26838023036709,
    "sentKBytesPerSec" : 0.0
  },
  "GetNewsList(5)" : {
    "transaction" : "GetNewsList(5)",
    "sampleCount" : 672,
    "errorCount" : 0,
    "errorPct" : 0.0,
    "meanResTime" : 146.5550595238096,
    "minResTime" : 39.0,
    "maxResTime" : 1732.0,
    "pct1ResTime" : 277.0,
    "pct2ResTime" : 368.0,
    "pct3ResTime" : 839.5599999999995,
    "throughput" : 9.11062906724512,
    "receivedKBytesPerSec" : 18.141184246203903,
    "sentKBytesPerSec" : 0.0
  },
  "GetNewsCount" : {
    "transaction" : "GetNewsCount",
    "sampleCount" : 675,
    "errorCount" : 0,
    "errorPct" : 0.0,
    "meanResTime" : 100.09333333333336,
    "minResTime" : 35.0,
    "maxResTime" : 727.0,
    "pct1ResTime" : 196.19999999999993,
    "pct2ResTime" : 281.19999999999993,
    "pct3ResTime" : 397.72000000000025,
    "throughput" : 9.114477841691647,
    "receivedKBytesPerSec" : 4.9310749260714575,
    "sentKBytesPerSec" : 0.0
  },
  "GetNewsList(10)" : {
    "transaction" : "GetNewsList(10)",
    "sampleCount" : 675,
    "errorCount" : 0,
    "errorPct" : 0.0,
    "meanResTime" : 142.2592592592591,
    "minResTime" : 39.0,
    "maxResTime" : 1782.0,
    "pct1ResTime" : 300.9999999999999,
    "pct2ResTime" : 396.1999999999989,
    "pct3ResTime" : 775.0000000000005,
    "throughput" : 9.091521314566638,
    "receivedKBytesPerSec" : 31.358645784227893,
    "sentKBytesPerSec" : 0.0
  },
  "Login" : {
    "transaction" : "Login",
    "sampleCount" : 691,
    "errorCount" : 0,
    "errorPct" : 0.0,
    "meanResTime" : 1578.607814761212,
    "minResTime" : 162.0,
    "maxResTime" : 3140.0,
    "pct1ResTime" : 1903.6000000000001,
    "pct2ResTime" : 2004.0,
    "pct3ResTime" : 2527.9600000000096,
    "throughput" : 9.28451461202553,
    "receivedKBytesPerSec" : 7.322821317601613,
    "sentKBytesPerSec" : 0.0
  }
}