{
  "Total" : {
    "transaction" : "Total",
    "sampleCount" : 748,
    "errorCount" : 0,
    "errorPct" : 0.0,
    "meanResTime" : 19768.6564171123,
    "minResTime" : 77.0,
    "maxResTime" : 74447.0,
    "pct1ResTime" : 42988.5,
    "pct2ResTime" : 46565.19999999999,
    "pct3ResTime" : 58076.95999999999,
    "throughput" : 9.188511903299512,
    "receivedKBytesPerSec" : 6.06017935947596,
    "sentKBytesPerSec" : 0.0
  },
  "Modify User Info" : {
    "transaction" : "Modify User Info",
    "sampleCount" : 169,
    "errorCount" : 0,
    "errorPct" : 0.0,
    "meanResTime" : 6086.597633136095,
    "minResTime" : 77.0,
    "maxResTime" : 27299.0,
    "pct1ResTime" : 16580.0,
    "pct2ResTime" : 19563.0,
    "pct3ResTime" : 25830.400000000023,
    "throughput" : 3.7656810534994096,
    "receivedKBytesPerSec" : 2.0377927663829407,
    "sentKBytesPerSec" : 0.0
  },
  "Modify User Infomation" : {
    "transaction" : "Modify User Infomation",
    "sampleCount" : 169,
    "errorCount" : 0,
    "errorPct" : 0.0,
    "meanResTime" : 6086.597633136096,
    "minResTime" : 77.0,
    "maxResTime" : 27299.0,
    "pct1ResTime" : 16580.0,
    "pct2ResTime" : 19563.0,
    "pct3ResTime" : 25830.400000000023,
    "throughput" : 3.765597147950089,
    "receivedKBytesPerSec" : 2.037747361018271,
    "sentKBytesPerSec" : 0.0
  },
  "Login" : {
    "transaction" : "Login",
    "sampleCount" : 738,
    "errorCount" : 0,
    "errorPct" : 0.0,
    "meanResTime" : 15079.661246612472,
    "minResTime" : 2342.0,
    "maxResTime" : 31838.0,
    "pct1ResTime" : 21235.0,
    "pct2ResTime" : 26097.999999999993,
    "pct3ResTime" : 29464.0,
    "throughput" : 9.126095935301175,
    "receivedKBytesPerSec" : 7.180144171911905,
    "sentKBytesPerSec" : 0.0
  },
  "Modify Password" : {
    "transaction" : "Modify Password",
    "sampleCount" : 420,
    "errorCount" : 0,
    "errorPct" : 0.0,
    "meanResTime" : 39018.690476190466,
    "minResTime" : 9226.0,
    "maxResTime" : 74447.0,
    "pct1ResTime" : 50227.200000000004,
    "pct2ResTime" : 55164.0,
    "pct3ResTime" : 62264.14000000002,
    "throughput" : 5.312824145520784,
    "receivedKBytesPerSec" : 2.822437827307916,
    "sentKBytesPerSec" : 0.0
  }
}