{
  "Total" : {
    "transaction" : "Total",
    "sampleCount" : 2312,
    "errorCount" : 0,
    "errorPct" : 0.0,
    "meanResTime" : 289.2582179930796,
    "minResTime" : 35.0,
    "maxResTime" : 1338.0,
    "pct1ResTime" : 952.0,
    "pct2ResTime" : 1038.35,
    "pct3ResTime" : 1120.7399999999998,
    "throughput" : 31.271556679696477,
    "receivedKBytesPerSec" : 36.78879864201371,
    "sentKBytesPerSec" : 0.0
  },
  "readStadiumsMsg-128" : {
    "transaction" : "readStadiumsMsg-128",
    "sampleCount" : 576,
    "errorCount" : 0,
    "errorPct" : 0.0,
    "meanResTime" : 71.59027777777784,
    "minResTime" : 36.0,
    "maxResTime" : 284.0,
    "pct1ResTime" : 109.9000000000002,
    "pct2ResTime" : 147.14999999999998,
    "pct3ResTime" : 272.1500000000001,
    "throughput" : 7.821942177378834,
    "receivedKBytesPerSec" : 5.889186818465759,
    "sentKBytesPerSec" : 0.0
  },
  "readStadiumsMsg-129" : {
    "transaction" : "readStadiumsMsg-129",
    "sampleCount" : 576,
    "errorCount" : 0,
    "errorPct" : 0.0,
    "meanResTime" : 127.0416666666667,
    "minResTime" : 35.0,
    "maxResTime" : 416.0,
    "pct1ResTime" : 265.30000000000007,
    "pct2ResTime" : 301.0,
    "pct3ResTime" : 388.23,
    "throughput" : 7.819287576020852,
    "receivedKBytesPerSec" : 6.537098557300717,
    "sentKBytesPerSec" : 0.0
  },
  "Read Stadium Msg" : {
    "transaction" : "Read Stadium Msg",
    "sampleCount" : 576,
    "errorCount" : 0,
    "errorPct" : 0.0,
    "meanResTime" : 279.4427083333332,
    "minResTime" : 112.0,
    "maxResTime" : 678.0,
    "pct1ResTime" : 437.0,
    "pct2ResTime" : 482.15,
    "pct3ResTime" : 576.1300000000006,
    "throughput" : 7.8093223785894414,
    "receivedKBytesPerSec" : 30.589531389815345,
    "sentKBytesPerSec" : 0.0
  },
  "Login" : {
    "transaction" : "Login",
    "sampleCount" : 1164,
    "errorCount" : 0,
    "errorPct" : 0.0,
    "meanResTime" : 872.2646048109958,
    "minResTime" : 164.0,
    "maxResTime" : 1338.0,
    "pct1ResTime" : 1051.0,
    "pct2ResTime" : 1101.75,
    "pct3ResTime" : 1298.0,
    "throughput" : 15.777916339089652,
    "receivedKBytesPerSec" : 12.44414953100008,
    "sentKBytesPerSec" : 0.0
  },
  "Get Stadium Items" : {
    "transaction" : "Get Stadium Items",
    "sampleCount" : 578,
    "errorCount" : 0,
    "errorPct" : 0.0,
    "meanResTime" : 80.78719723183397,
    "minResTime" : 37.0,
    "maxResTime" : 324.0,
    "pct1ResTime" : 124.30000000000007,
    "pct2ResTime" : 157.04999999999995,
    "pct3ResTime" : 300.2600000000002,
    "throughput" : 7.848462217394256,
    "receivedKBytesPerSec" : 18.272201099871005,
    "sentKBytesPerSec" : 0.0
  }
}