{
  "Read News" : {
    "transaction" : "Read News",
    "sampleCount" : 120,
    "errorCount" : 0,
    "errorPct" : 0.0,
    "meanResTime" : 8407.541666666662,
    "minResTime" : 142.0,
    "maxResTime" : 63009.0,
    "pct1ResTime" : 12855.6,
    "pct2ResTime" : 14115.049999999997,
    "pct3ResTime" : 53281.79999999963,
    "throughput" : 1.5904150983406669,
    "receivedKBytesPerSec" : 9.512980934899009,
    "sentKBytesPerSec" : 0.0
  },
  "Total" : {
    "transaction" : "Total",
    "sampleCount" : 911,
    "errorCount" : 0,
    "errorPct" : 0.0,
    "meanResTime" : 3929.2744237102083,
    "minResTime" : 36.0,
    "maxResTime" : 61605.0,
    "pct1ResTime" : 8192.800000000003,
    "pct2ResTime" : 12386.4,
    "pct3ResTime" : 18005.279999999995,
    "throughput" : 11.28718514205003,
    "receivedKBytesPerSec" : 33.68051065297791,
    "sentKBytesPerSec" : 0.0
  },
  "GetNewsList(5)" : {
    "transaction" : "GetNewsList(5)",
    "sampleCount" : 120,
    "errorCount" : 0,
    "errorPct" : 0.0,
    "meanResTime" : 2786.533333333332,
    "minResTime" : 42.0,
    "maxResTime" : 7750.0,
    "pct1ResTime" : 5196.8,
    "pct2ResTime" : 6050.449999999998,
    "pct3ResTime" : 7497.579999999991,
    "throughput" : 1.59256801592568,
    "receivedKBytesPerSec" : 3.171138852023889,
    "sentKBytesPerSec" : 0.0
  },
  "Read Stadium Comments" : {
    "transaction" : "Read Stadium Comments",
    "sampleCount" : 102,
    "errorCount" : 0,
    "errorPct" : 0.0,
    "meanResTime" : 11983.019607843145,
    "minResTime" : 1816.0,
    "maxResTime" : 27070.0,
    "pct1ResTime" : 16644.3,
    "pct2ResTime" : 19839.049999999996,
    "pct3ResTime" : 27028.39,
    "throughput" : 1.2713607299106309,
    "receivedKBytesPerSec" : 18.480899694156726,
    "sentKBytesPerSec" : 0.0
  },
  "GetNewsCount" : {
    "transaction" : "GetNewsCount",
    "sampleCount" : 125,
    "errorCount" : 0,
    "errorPct" : 0.0,
    "meanResTime" : 2286.3999999999996,
    "minResTime" : 36.0,
    "maxResTime" : 7311.0,
    "pct1ResTime" : 4915.400000000001,
    "pct2ResTime" : 5629.2,
    "pct3ResTime" : 7079.599999999996,
    "throughput" : 1.6775821344213013,
    "receivedKBytesPerSec" : 0.9075981469427743,
    "sentKBytesPerSec" : 0.0
  },
  "Read Stadium Msg" : {
    "transaction" : "Read Stadium Msg",
    "sampleCount" : 102,
    "errorCount" : 0,
    "errorPct" : 0.0,
    "meanResTime" : 17701.74509803922,
    "minResTime" : 1939.0,
    "maxResTime" : 35458.0,
    "pct1ResTime" : 24129.800000000003,
    "pct2ResTime" : 28496.7,
    "pct3ResTime" : 35429.89,
    "throughput" : 1.2694145758661888,
    "receivedKBytesPerSec" : 22.365592856276134,
    "sentKBytesPerSec" : 0.0
  },
  "GetNewsList(10)" : {
    "transaction" : "GetNewsList(10)",
    "sampleCount" : 124,
    "errorCount" : 0,
    "errorPct" : 0.0,
    "meanResTime" : 3422.3225806451615,
    "minResTime" : 42.0,
    "maxResTime" : 61605.0,
    "pct1ResTime" : 6209.0,
    "pct2ResTime" : 6521.25,
    "pct3ResTime" : 48079.75,
    "throughput" : 1.6109963492744022,
    "receivedKBytesPerSec" : 5.556678814098817,
    "sentKBytesPerSec" : 0.0
  },
  "Read Stadium Message" : {
    "transaction" : "Read Stadium Message",
    "sampleCount" : 112,
    "errorCount" : 0,
    "errorPct" : 0.0,
    "meanResTime" : 2884.3125,
    "minResTime" : 42.0,
    "maxResTime" : 6891.0,
    "pct1ResTime" : 5934.400000000001,
    "pct2ResTime" : 6424.799999999999,
    "pct3ResTime" : 6880.6,
    "throughput" : 1.4494629222207842,
    "receivedKBytesPerSec" : 1.0935553699689402,
    "sentKBytesPerSec" : 0.0
  },
  "Login" : {
    "transaction" : "Login",
    "sampleCount" : 254,
    "errorCount" : 0,
    "errorPct" : 0.0,
    "meanResTime" : 2274.0314960629917,
    "minResTime" : 168.0,
    "maxResTime" : 6429.0,
    "pct1ResTime" : 4466.0,
    "pct2ResTime" : 5312.5,
    "pct3ResTime" : 6102.849999999993,
    "throughput" : 3.297159769458435,
    "receivedKBytesPerSec" : 2.593425273573394,
    "sentKBytesPerSec" : 0.0
  },
  "Get Stadium Items" : {
    "transaction" : "Get Stadium Items",
    "sampleCount" : 117,
    "errorCount" : 0,
    "errorPct" : 0.0,
    "meanResTime" : 3241.4615384615386,
    "minResTime" : 40.0,
    "maxResTime" : 10878.0,
    "pct1ResTime" : 6077.200000000001,
    "pct2ResTime" : 6443.799999999997,
    "pct3ResTime" : 10434.659999999983,
    "throughput" : 1.5047457365537464,
    "receivedKBytesPerSec" : 3.503236167914191,
    "sentKBytesPerSec" : 0.0
  },
  "Post Comment" : {
    "transaction" : "Post Comment",
    "sampleCount" : 168,
    "errorCount" : 0,
    "errorPct" : 0.0,
    "meanResTime" : 3829.2023809523807,
    "minResTime" : 176.0,
    "maxResTime" : 6767.0,
    "pct1ResTime" : 5862.4,
    "pct2ResTime" : 6295.999999999997,
    "pct3ResTime" : 6767.0,
    "throughput" : 2.2283531409168083,
    "receivedKBytesPerSec" : 1.1838126061120544,
    "sentKBytesPerSec" : 0.0
  }
}