{
  "Total" : {
    "transaction" : "Total",
    "sampleCount" : 756,
    "errorCount" : 0,
    "errorPct" : 0.0,
    "meanResTime" : 1802.4523809523819,
    "minResTime" : 39.0,
    "maxResTime" : 4194.0,
    "pct1ResTime" : 3799.0,
    "pct2ResTime" : 3848.0,
    "pct3ResTime" : 4036.58,
    "throughput" : 10.137581462708182,
    "receivedKBytesPerSec" : 6.314878928983292,
    "sentKBytesPerSec" : 0.0
  },
  "Modify User Info" : {
    "transaction" : "Modify User Info",
    "sampleCount" : 242,
    "errorCount" : 0,
    "errorPct" : 0.0,
    "meanResTime" : 169.01652892561984,
    "minResTime" : 39.0,
    "maxResTime" : 890.0,
    "pct1ResTime" : 316.70000000000016,
    "pct2ResTime" : 351.5999999999999,
    "pct3ResTime" : 403.82999999999987,
    "throughput" : 3.2834929852649863,
    "receivedKBytesPerSec" : 1.7897506597514314,
    "sentKBytesPerSec" : 0.0
  },
  "Modify User Infomation" : {
    "transaction" : "Modify User Infomation",
    "sampleCount" : 242,
    "errorCount" : 0,
    "errorPct" : 0.0,
    "meanResTime" : 169.01652892561987,
    "minResTime" : 39.0,
    "maxResTime" : 890.0,
    "pct1ResTime" : 316.70000000000016,
    "pct2ResTime" : 351.5999999999999,
    "pct3ResTime" : 403.82999999999987,
    "throughput" : 3.2835375368041135,
    "receivedKBytesPerSec" : 1.7897749436914019,
    "sentKBytesPerSec" : 0.0
  },
  "Login" : {
    "transaction" : "Login",
    "sampleCount" : 516,
    "errorCount" : 0,
    "errorPct" : 0.0,
    "meanResTime" : 1695.6976744186038,
    "minResTime" : 178.0,
    "maxResTime" : 2161.0,
    "pct1ResTime" : 1987.0,
    "pct2ResTime" : 2042.0,
    "pct3ResTime" : 2125.0,
    "throughput" : 6.919301633277013,
    "receivedKBytesPerSec" : 5.444728139163784,
    "sentKBytesPerSec" : 0.0
  },
  "Modify Password" : {
    "transaction" : "Modify Password",
    "sampleCount" : 512,
    "errorCount" : 0,
    "errorPct" : 0.0,
    "meanResTime" : 3454.148437499999,
    "minResTime" : 230.0,
    "maxResTime" : 4194.0,
    "pct1ResTime" : 3876.0,
    "pct2ResTime" : 4010.0,
    "pct3ResTime" : 4118.0,
    "throughput" : 6.9291253332611555,
    "receivedKBytesPerSec" : 3.6810978332949884,
    "sentKBytesPerSec" : 0.0
  }
}