{
  "Stadium Booking" : {
    "transaction" : "Stadium Booking",
    "sampleCount" : 662,
    "errorCount" : 0,
    "errorPct" : 0.0,
    "meanResTime" : 1868.3353474320204,
    "minResTime" : 167.0,
    "maxResTime" : 11151.0,
    "pct1ResTime" : 3864.7000000000007,
    "pct2ResTime" : 4653.500000000001,
    "pct3ResTime" : 5954.890000000001,
    "throughput" : 8.992854620045101,
    "receivedKBytesPerSec" : 32.65866228740457,
    "sentKBytesPerSec" : 0.0
  },
  "Total" : {
    "transaction" : "Total",
    "sampleCount" : 2761,
    "errorCount" : 0,
    "errorPct" : 0.0,
    "meanResTime" : 2528.291923216225,
    "minResTime" : 38.0,
    "maxResTime" : 12457.0,
    "pct1ResTime" : 8602.400000000001,
    "pct2ResTime" : 9300.400000000001,
    "pct3ResTime" : 10309.660000000007,
    "throughput" : 36.102829645901984,
    "receivedKBytesPerSec" : 39.409946114630735,
    "sentKBytesPerSec" : 0.0
  },
  "Read Stadium Message" : {
    "transaction" : "Read Stadium Message",
    "sampleCount" : 672,
    "errorCount" : 0,
    "errorPct" : 0.0,
    "meanResTime" : 663.7544642857137,
    "minResTime" : 47.0,
    "maxResTime" : 2411.0,
    "pct1ResTime" : 1477.2000000000003,
    "pct2ResTime" : 1761.4,
    "pct3ResTime" : 2197.6899999999973,
    "throughput" : 9.006956265329919,
    "receivedKBytesPerSec" : 6.795112687477382,
    "sentKBytesPerSec" : 0.0
  },
  "Login" : {
    "transaction" : "Login",
    "sampleCount" : 1520,
    "errorCount" : 0,
    "errorPct" : 0.0,
    "meanResTime" : 7547.690789473684,
    "minResTime" : 381.0,
    "maxResTime" : 12457.0,
    "pct1ResTime" : 9651.1,
    "pct2ResTime" : 10114.8,
    "pct3ResTime" : 10603.0,
    "throughput" : 19.875516501909097,
    "receivedKBytesPerSec" : 15.676384584706314,
    "sentKBytesPerSec" : 0.0
  },
  "Get Stadium Items" : {
    "transaction" : "Get Stadium Items",
    "sampleCount" : 662,
    "errorCount" : 0,
    "errorPct" : 0.0,
    "meanResTime" : 660.6480362537767,
    "minResTime" : 38.0,
    "maxResTime" : 8809.0,
    "pct1ResTime" : 1594.8000000000002,
    "pct2ResTime" : 1989.1000000000001,
    "pct3ResTime" : 2685.4100000000003,
    "throughput" : 9.009622058603373,
    "receivedKBytesPerSec" : 20.975526355185977,
    "sentKBytesPerSec" : 0.0
  },
  "Get Stadium Idle Time" : {
    "transaction" : "Get Stadium Idle Time",
    "sampleCount" : 667,
    "errorCount" : 0,
    "errorPct" : 0.0,
    "meanResTime" : 541.1949025487254,
    "minResTime" : 41.0,
    "maxResTime" : 4046.0,
    "pct1ResTime" : 1302.8000000000006,
    "pct2ResTime" : 1838.4000000000005,
    "pct3ResTime" : 2694.2000000000044,
    "throughput" : 9.076064770717105,
    "receivedKBytesPerSec" : 4.98416291757382,
    "sentKBytesPerSec" : 0.0
  }
}