{
  "Read News" : {
    "transaction" : "Read News",
    "sampleCount" : 618,
    "errorCount" : 0,
    "errorPct" : 0.0,
    "meanResTime" : 10115.330097087377,
    "minResTime" : 843.0,
    "maxResTime" : 31410.0,
    "pct1ResTime" : 12907.7,
    "pct2ResTime" : 15170.04999999999,
    "pct3ResTime" : 24709.65999999999,
    "throughput" : 8.389557851295766,
    "receivedKBytesPerSec" : 56.79876971393373,
    "sentKBytesPerSec" : 0.0
  },
  "Total" : {
    "transaction" : "Total",
    "sampleCount" : 2576,
    "errorCount" : 0,
    "errorPct" : 0.0,
    "meanResTime" : 2724.4122670807465,
    "minResTime" : 41.0,
    "maxResTime" : 21355.0,
    "pct1ResTime" : 8999.6,
    "pct2ResTime" : 9650.75,
    "pct3ResTime" : 10770.92,
    "throughput" : 33.438911677657195,
    "receivedKBytesPerSec" : 55.430025207370576,
    "sentKBytesPerSec" : 0.0
  },
  "GetNewsList(5)" : {
    "transaction" : "GetNewsList(5)",
    "sampleCount" : 618,
    "errorCount" : 0,
    "errorPct" : 0.0,
    "meanResTime" : 829.5339805825253,
    "minResTime" : 41.0,
    "maxResTime" : 21003.0,
    "pct1ResTime" : 1813.2000000000005,
    "pct2ResTime" : 2461.25,
    "pct3ResTime" : 6076.079999999985,
    "throughput" : 8.480274442538594,
    "receivedKBytesPerSec" : 16.88601522298456,
    "sentKBytesPerSec" : 0.0
  },
  "GetNewsCount" : {
    "transaction" : "GetNewsCount",
    "sampleCount" : 623,
    "errorCount" : 0,
    "errorPct" : 0.0,
    "meanResTime" : 642.8154093097916,
    "minResTime" : 51.0,
    "maxResTime" : 4634.0,
    "pct1ResTime" : 1335.2000000000003,
    "pct2ResTime" : 2091.199999999999,
    "pct3ResTime" : 4079.4399999999996,
    "throughput" : 8.412098298676748,
    "receivedKBytesPerSec" : 4.551076618620038,
    "sentKBytesPerSec" : 0.0
  },
  "GetNewsList(10)" : {
    "transaction" : "GetNewsList(10)",
    "sampleCount" : 620,
    "errorCount" : 0,
    "errorPct" : 0.0,
    "meanResTime" : 1051.7032258064519,
    "minResTime" : 41.0,
    "maxResTime" : 21355.0,
    "pct1ResTime" : 2625.4999999999977,
    "pct2ResTime" : 3957.399999999995,
    "pct3ResTime" : 11305.859999999951,
    "throughput" : 8.508185698014298,
    "receivedKBytesPerSec" : 29.34659363807276,
    "sentKBytesPerSec" : 0.0
  },
  "Login" : {
    "transaction" : "Login",
    "sampleCount" : 715,
    "errorCount" : 0,
    "errorPct" : 0.0,
    "meanResTime" : 7626.43916083917,
    "minResTime" : 621.0,
    "maxResTime" : 12637.0,
    "pct1ResTime" : 9966.4,
    "pct2ResTime" : 10344.6,
    "pct3ResTime" : 11132.520000000002,
    "throughput" : 9.281374941585753,
    "receivedKBytesPerSec" : 7.3208721003816395,
    "sentKBytesPerSec" : 0.0
  }
}