{
  "Read News" : {
    "transaction" : "Read News",
    "sampleCount" : 121,
    "errorCount" : 0,
    "errorPct" : 0.0,
    "meanResTime" : 128.66942148760336,
    "minResTime" : 113.0,
    "maxResTime" : 176.0,
    "pct1ResTime" : 139.0,
    "pct2ResTime" : 141.89999999999998,
    "pct3ResTime" : 170.28000000000003,
    "throughput" : 1.8709507831707204,
    "receivedKBytesPerSec" : 11.19098979191471,
    "sentKBytesPerSec" : 0.0
  },
  "Total" : {
    "transaction" : "Total",
    "sampleCount" : 967,
    "errorCount" : 0,
    "errorPct" : 0.0,
    "meanResTime" : 66.46328852119962,
    "minResTime" : 34.0,
    "maxResTime" : 233.0,
    "pct1ResTime" : 163.0,
    "pct2ResTime" : 173.0,
    "pct3ResTime" : 181.0,
    "throughput" : 14.872346970163026,
    "receivedKBytesPerSec" : 23.94957200669025,
    "sentKBytesPerSec" : 0.0
  },
  "GetNewsList(5)" : {
    "transaction" : "GetNewsList(5)",
    "sampleCount" : 121,
    "errorCount" : 0,
    "errorPct" : 0.0,
    "meanResTime" : 43.752066115702476,
    "minResTime" : 38.0,
    "maxResTime" : 52.0,
    "pct1ResTime" : 48.0,
    "pct2ResTime" : 48.89999999999999,
    "pct3ResTime" : 51.34,
    "throughput" : 1.8732970027247955,
    "receivedKBytesPerSec" : 3.7301294810115806,
    "sentKBytesPerSec" : 0.0
  },
  "Read Stadium Comments" : {
    "transaction" : "Read Stadium Comments",
    "sampleCount" : 121,
    "errorCount" : 0,
    "errorPct" : 0.0,
    "meanResTime" : 99.28925619834713,
    "minResTime" : 39.0,
    "maxResTime" : 175.0,
    "pct1ResTime" : 147.0,
    "pct2ResTime" : 153.89999999999998,
    "pct3ResTime" : 174.78,
    "throughput" : 1.8715584978036255,
    "receivedKBytesPerSec" : 4.666782108442121,
    "sentKBytesPerSec" : 0.0
  },
  "GetNewsCount" : {
    "transaction" : "GetNewsCount",
    "sampleCount" : 121,
    "errorCount" : 0,
    "errorPct" : 0.0,
    "meanResTime" : 40.40495867768597,
    "minResTime" : 34.0,
    "maxResTime" : 83.0,
    "pct1ResTime" : 44.0,
    "pct2ResTime" : 45.0,
    "pct3ResTime" : 75.08000000000004,
    "throughput" : 1.873471030873564,
    "receivedKBytesPerSec" : 1.0135771006874554,
    "sentKBytesPerSec" : 0.0
  },
  "Read Stadium Msg" : {
    "transaction" : "Read Stadium Msg",
    "sampleCount" : 121,
    "errorCount" : 0,
    "errorPct" : 0.0,
    "meanResTime" : 180.74380165289264,
    "minResTime" : 113.0,
    "maxResTime" : 310.0,
    "pct1ResTime" : 225.8,
    "pct2ResTime" : 238.39999999999995,
    "pct3ResTime" : 299.00000000000006,
    "throughput" : 1.8693610184155234,
    "receivedKBytesPerSec" : 10.420815639097455,
    "sentKBytesPerSec" : 0.0
  },
  "GetNewsList(10)" : {
    "transaction" : "GetNewsList(10)",
    "sampleCount" : 121,
    "errorCount" : 0,
    "errorPct" : 0.0,
    "meanResTime" : 44.512396694214885,
    "minResTime" : 39.0,
    "maxResTime" : 72.0,
    "pct1ResTime" : 49.0,
    "pct2ResTime" : 50.0,
    "pct3ResTime" : 68.04000000000002,
    "throughput" : 1.873268001176598,
    "receivedKBytesPerSec" : 6.461311113433344,
    "sentKBytesPerSec" : 0.0
  },
  "Read Stadium Message" : {
    "transaction" : "Read Stadium Message",
    "sampleCount" : 121,
    "errorCount" : 0,
    "errorPct" : 0.0,
    "meanResTime" : 40.735537190082624,
    "minResTime" : 35.0,
    "maxResTime" : 92.0,
    "pct1ResTime" : 45.0,
    "pct2ResTime" : 45.0,
    "pct3ResTime" : 82.10000000000005,
    "throughput" : 1.8733550085152502,
    "receivedKBytesPerSec" : 1.4104138846957732,
    "sentKBytesPerSec" : 0.0
  },
  "Login" : {
    "transaction" : "Login",
    "sampleCount" : 242,
    "errorCount" : 0,
    "errorPct" : 0.0,
    "meanResTime" : 170.9504132231404,
    "minResTime" : 158.0,
    "maxResTime" : 233.0,
    "pct1ResTime" : 181.0,
    "pct2ResTime" : 184.0,
    "pct3ResTime" : 214.5099999999997,
    "throughput" : 3.7392419536766637,
    "receivedKBytesPerSec" : 2.9412609705032526,
    "sentKBytesPerSec" : 0.0
  },
  "Get Stadium Items" : {
    "transaction" : "Get Stadium Items",
    "sampleCount" : 121,
    "errorCount" : 0,
    "errorPct" : 0.0,
    "meanResTime" : 40.71900826446281,
    "minResTime" : 35.0,
    "maxResTime" : 65.0,
    "pct1ResTime" : 45.0,
    "pct2ResTime" : 46.0,
    "pct3ResTime" : 61.04000000000002,
    "throughput" : 1.873268001176598,
    "receivedKBytesPerSec" : 4.361202065239267,
    "sentKBytesPerSec" : 0.0
  },
  "Post Comment" : {
    "transaction" : "Post Comment",
    "sampleCount" : 240,
    "errorCount" : 0,
    "errorPct" : 0.0,
    "meanResTime" : 51.216666666666676,
    "minResTime" : 44.0,
    "maxResTime" : 95.0,
    "pct1ResTime" : 56.0,
    "pct2ResTime" : 57.0,
    "pct3ResTime" : 89.67000000000004,
    "throughput" : 3.7422815443148507,
    "receivedKBytesPerSec" : 1.9880870704172642,
    "sentKBytesPerSec" : 0.0
  }
}