{
  "Stadium Booking" : {
    "transaction" : "Stadium Booking",
    "sampleCount" : 675,
    "errorCount" : 0,
    "errorPct" : 0.0,
    "meanResTime" : 278.5111111111114,
    "minResTime" : 116.0,
    "maxResTime" : 892.0,
    "pct1ResTime" : 457.5999999999999,
    "pct2ResTime" : 539.3999999999992,
    "pct3ResTime" : 790.44,
    "throughput" : 9.0955640597208,
    "receivedKBytesPerSec" : 33.02868808278984,
    "sentKBytesPerSec" : 0.0
  },
  "Total" : {
    "transaction" : "Total",
    "sampleCount" : 2720,
    "errorCount" : 0,
    "errorPct" : 0.0,
    "meanResTime" : 498.8124999999999,
    "minResTime" : 36.0,
    "maxResTime" : 2188.0,
    "pct1ResTime" : 1893.9,
    "pct2ResTime" : 1986.0,
    "pct3ResTime" : 2081.16,
    "throughput" : 36.4401216457002,
    "receivedKBytesPerSec" : 40.18118431232667,
    "sentKBytesPerSec" : 0.0
  },
  "Read Stadium Message" : {
    "transaction" : "Read Stadium Message",
    "sampleCount" : 676,
    "errorCount" : 0,
    "errorPct" : 0.0,
    "meanResTime" : 90.94378698224853,
    "minResTime" : 36.0,
    "maxResTime" : 512.0,
    "pct1ResTime" : 146.30000000000007,
    "pct2ResTime" : 223.0,
    "pct3ResTime" : 294.0,
    "throughput" : 9.12280701754386,
    "receivedKBytesPerSec" : 6.878848262483132,
    "sentKBytesPerSec" : 0.0
  },
  "Login" : {
    "transaction" : "Login",
    "sampleCount" : 1388,
    "errorCount" : 0,
    "errorPct" : 0.0,
    "meanResTime" : 1684.0461095100893,
    "minResTime" : 170.0,
    "maxResTime" : 2188.0,
    "pct1ResTime" : 2052.0,
    "pct2ResTime" : 2072.0,
    "pct3ResTime" : 2108.0,
    "throughput" : 18.594930603933335,
    "receivedKBytesPerSec" : 14.66620412390815,
    "sentKBytesPerSec" : 0.0
  },
  "Get Stadium Items" : {
    "transaction" : "Get Stadium Items",
    "sampleCount" : 675,
    "errorCount" : 0,
    "errorPct" : 0.0,
    "meanResTime" : 101.1792592592593,
    "minResTime" : 37.0,
    "maxResTime" : 692.0,
    "pct1ResTime" : 168.39999999999998,
    "pct2ResTime" : 347.19999999999993,
    "pct3ResTime" : 636.5200000000004,
    "throughput" : 9.108942957774989,
    "receivedKBytesPerSec" : 21.206757823569898,
    "sentKBytesPerSec" : 0.0
  },
  "Get Stadium Idle Time" : {
    "transaction" : "Get Stadium Idle Time",
    "sampleCount" : 675,
    "errorCount" : 0,
    "errorPct" : 0.0,
    "meanResTime" : 86.322962962963,
    "minResTime" : 36.0,
    "maxResTime" : 492.0,
    "pct1ResTime" : 144.79999999999995,
    "pct2ResTime" : 189.39999999999918,
    "pct3ResTime" : 311.0,
    "throughput" : 9.10771389634747,
    "receivedKBytesPerSec" : 5.001349818014384,
    "sentKBytesPerSec" : 0.0
  }
}