{
  "Total" : {
    "transaction" : "Total",
    "sampleCount" : 761,
    "errorCount" : 0,
    "errorPct" : 0.0,
    "meanResTime" : 4577.84099868593,
    "minResTime" : 70.0,
    "maxResTime" : 10839.0,
    "pct1ResTime" : 9784.0,
    "pct2ResTime" : 9966.699999999999,
    "pct3ResTime" : 10333.66,
    "throughput" : 9.95721407356039,
    "receivedKBytesPerSec" : 6.228459326383346,
    "sentKBytesPerSec" : 0.0
  },
  "Modify User Info" : {
    "transaction" : "Modify User Info",
    "sampleCount" : 225,
    "errorCount" : 0,
    "errorPct" : 0.0,
    "meanResTime" : 209.62222222222232,
    "minResTime" : 70.0,
    "maxResTime" : 722.0,
    "pct1ResTime" : 380.4,
    "pct2ResTime" : 458.49999999999994,
    "pct3ResTime" : 671.2800000000002,
    "throughput" : 3.1317855353265407,
    "receivedKBytesPerSec" : 1.6948070646122155,
    "sentKBytesPerSec" : 0.0
  },
  "Modify User Infomation" : {
    "transaction" : "Modify User Infomation",
    "sampleCount" : 225,
    "errorCount" : 0,
    "errorPct" : 0.0,
    "meanResTime" : 209.62222222222232,
    "minResTime" : 70.0,
    "maxResTime" : 722.0,
    "pct1ResTime" : 380.4,
    "pct2ResTime" : 458.49999999999994,
    "pct3ResTime" : 671.2800000000002,
    "throughput" : 3.1317855353265407,
    "receivedKBytesPerSec" : 1.6948070646122155,
    "sentKBytesPerSec" : 0.0
  },
  "Login" : {
    "transaction" : "Login",
    "sampleCount" : 544,
    "errorCount" : 0,
    "errorPct" : 0.0,
    "meanResTime" : 4087.1985294117653,
    "minResTime" : 165.0,
    "maxResTime" : 5476.0,
    "pct1ResTime" : 4892.0,
    "pct2ResTime" : 5048.0,
    "pct3ResTime" : 5360.0,
    "throughput" : 7.317237204922995,
    "receivedKBytesPerSec" : 5.757232959513081,
    "sentKBytesPerSec" : 0.0
  },
  "Modify Password" : {
    "transaction" : "Modify Password",
    "sampleCount" : 528,
    "errorCount" : 0,
    "errorPct" : 0.0,
    "meanResTime" : 8806.26515151516,
    "minResTime" : 317.0,
    "maxResTime" : 10839.0,
    "pct1ResTime" : 10017.3,
    "pct2ResTime" : 10202.449999999999,
    "pct3ResTime" : 10510.0,
    "throughput" : 6.923772931719535,
    "receivedKBytesPerSec" : 3.6782543699760026,
    "sentKBytesPerSec" : 0.0
  }
}